starter,seed,site,lesson,won,seconds,casts,energy_spent,own_rank,foe_rank,locked_casts,reason,own_hp,foe_hp,own_control,foe_control
0,24000000,3,1,1,5.53333,3,360,1,1,0,1,99,0,0,0
0,24000000,3,2,1,9.43333,3,360,1,1,0,1,97,0,0,0
0,24000000,3,3,1,5.53333,3,360,1,1,0,1,99,0,0,0
0,24000000,3,4,1,9.43333,3,360,1,1,0,1,97,0,0,0
0,24000000,6,1,1,5.53333,3,360,1,1,0,1,99,0,0,0
0,24000000,6,2,1,12.4333,4,480,1,1,0,1,113,0,0,0
0,24000000,6,3,1,5.53333,3,360,1,1,0,1,99,0,0,0
0,24000000,6,4,1,12.4333,4,480,1,1,0,1,113,0,0,0
0,24000000,9,1,1,17.9333,5,600,2,2,0,1,97,0,30,0
0,24000000,9,2,1,5.63333,3,360,2,2,0,1,113,0,22,0
0,24000000,9,3,1,5.63333,3,360,2,2,0,1,97,0,37,0
0,24000000,12,1,1,5.63333,3,360,2,2,0,1,97,0,37,0
0,24000000,12,2,1,5.63333,3,360,2,2,0,1,113,0,22,0
0,24000000,12,3,1,9.13333,5,730,2,2,0,1,71,0,44,0
0,24000100,3,1,1,4.73333,3,360,1,1,0,1,113,0,0,0
0,24000100,3,2,1,5.43333,3,360,1,1,0,1,97,0,0,0
0,24000100,3,3,1,4.73333,3,360,1,1,0,1,113,0,0,0
0,24000100,3,4,1,5.43333,3,360,1,1,0,1,97,0,0,0
0,24000100,6,1,1,4.83333,3,360,1,1,0,1,113,0,0,0
0,24000100,6,2,1,6.83333,4,480,1,1,0,1,81,0,0,0
0,24000100,6,3,1,4.83333,3,360,1,1,0,1,113,0,0,0
0,24000100,6,4,1,6.83333,4,480,1,1,0,1,81,0,0,0
0,24000100,9,1,1,7.73333,6,800,2,2,0,1,113,0,27,0
0,24000100,9,2,1,5.13333,4,480,2,2,0,1,113,0,10,0
0,24000100,9,3,1,5.13333,4,480,2,2,0,1,113,0,24,0
0,24000100,12,1,1,5.13333,4,480,2,2,0,1,113,0,24,0
0,24000100,12,2,1,5.13333,4,480,2,2,0,1,113,0,10,0
0,24000100,12,3,1,11.6333,7,1010,2,2,0,1,92,0,44,0
0,24000200,3,1,1,5.73333,3,360,1,1,0,1,99,0,0,0
0,24000200,3,2,1,9.43333,3,360,1,1,0,1,97,0,0,0
0,24000200,3,3,1,5.73333,3,360,1,1,0,1,99,0,0,0
0,24000200,3,4,1,9.43333,3,360,1,1,0,1,97,0,0,0
0,24000200,6,1,1,5.53333,3,360,1,1,0,1,99,0,0,0
0,24000200,6,2,1,11.9333,4,480,1,1,0,1,97,0,0,0
0,24000200,6,3,1,5.53333,3,360,1,1,0,1,99,0,0,0
0,24000200,6,4,1,11.9333,4,480,1,1,0,1,97,0,0,0
0,24000200,9,1,1,17.9333,5,600,2,2,0,1,81,0,30,0
0,24000200,9,2,1,5.53333,3,360,2,2,0,1,97,0,29,0
0,24000200,9,3,1,5.63333,3,360,2,2,0,1,97,0,38,0
0,24000200,12,1,1,5.63333,3,360,2,2,0,1,97,0,38,0
0,24000200,12,2,1,5.53333,3,360,2,2,0,1,97,0,29,0
0,24000200,12,3,1,9.13333,5,730,2,2,0,1,71,0,44,0
0,24000300,3,1,1,5.43333,4,480,1,1,0,1,99,0,0,0
0,24000300,3,2,1,5.63333,3,360,1,1,0,1,97,0,0,0
0,24000300,3,3,1,5.43333,4,480,1,1,0,1,99,0,0,0
0,24000300,3,4,1,5.63333,3,360,1,1,0,1,97,0,0,0
0,24000300,6,1,1,5.93333,4,480,1,1,0,1,99,0,0,0
0,24000300,6,2,1,7.33333,4,480,1,1,0,1,97,0,0,0
0,24000300,6,3,1,5.93333,4,480,1,1,0,1,99,0,0,0
0,24000300,6,4,1,7.33333,4,480,1,1,0,1,97,0,0,0
0,24000300,9,1,1,10.0333,7,920,2,2,0,1,113,0,28,0
0,24000300,9,2,1,5.23333,5,730,2,2,0,1,97,0,34,0
0,24000300,9,3,1,4.73333,4,560,2,2,0,1,97,0,21,0
0,24000300,12,1,1,4.73333,4,560,2,2,0,1,97,0,21,0
0,24000300,12,2,1,5.23333,5,730,2,2,0,1,97,0,34,0
0,24000300,12,3,1,6.13333,5,600,2,2,0,1,71,0,130,0
0,24000400,3,1,1,5.33333,4,480,1,1,0,1,99,0,0,0
0,24000400,3,2,1,8.93333,6,720,1,1,0,1,97,0,0,0
0,24000400,3,3,1,5.33333,4,480,1,1,0,1,99,0,0,0
0,24000400,3,4,1,8.93333,6,720,1,1,0,1,97,0,0,0
0,24000400,6,1,1,5.33333,4,480,1,1,0,1,99,0,0,0
0,24000400,6,2,1,6.83333,4,480,1,1,0,1,81,0,0,0
0,24000400,6,3,1,5.33333,4,480,1,1,0,1,99,0,0,0
0,24000400,6,4,1,6.83333,4,480,1,1,0,1,81,0,0,0
0,24000400,9,1,1,10.2333,6,850,2,2,0,1,81,0,28,0
0,24000400,9,2,1,3.96667,4,610,2,2,0,1,97,0,39,0
0,24000400,9,3,1,5.23333,5,730,2,2,0,1,97,0,22,0
0,24000400,12,1,1,5.23333,5,730,2,2,0,1,97,0,22,0
0,24000400,12,2,1,3.96667,4,610,2,2,0,1,97,0,39,0
0,24000400,12,3,1,5.13333,5,730,2,2,0,1,92,0,104,0
0,24000500,3,1,1,4.63333,3,360,1,1,0,1,113,0,0,0
0,24000500,3,2,1,5.93333,3,360,1,1,0,1,97,0,0,0
0,24000500,3,3,1,4.63333,3,360,1,1,0,1,113,0,0,0
0,24000500,3,4,1,5.93333,3,360,1,1,0,1,97,0,0,0
0,24000500,6,1,1,4.73333,3,360,1,1,0,1,113,0,0,0
0,24000500,6,2,1,6.53333,4,480,1,1,0,1,97,0,0,0
0,24000500,6,3,1,4.73333,3,360,1,1,0,1,113,0,0,0
0,24000500,6,4,1,6.53333,4,480,1,1,0,1,97,0,0,0
0,24000500,9,1,1,7.63333,6,800,2,2,0,1,113,0,27,0
0,24000500,9,2,1,3.93333,4,610,2,2,0,1,97,0,8,0
0,24000500,9,3,1,4.03333,4,610,2,2,0,1,97,0,14,0
0,24000500,12,1,1,4.03333,4,610,2,2,0,1,97,0,14,0
0,24000500,12,2,1,3.93333,4,610,2,2,0,1,97,0,8,0
0,24000500,12,3,1,5.13333,5,730,2,2,0,1,92,0,42,0
0,24000600,3,1,1,5.43333,4,480,1,1,0,1,99,0,0,0
0,24000600,3,2,1,5.63333,3,360,1,1,0,1,97,0,0,0
0,24000600,3,3,1,5.43333,4,480,1,1,0,1,99,0,0,0
0,24000600,3,4,1,5.63333,3,360,1,1,0,1,97,0,0,0
0,24000600,6,1,1,5.93333,4,480,1,1,0,1,99,0,0,0
0,24000600,6,2,1,8.33333,4,480,1,1,0,1,81,0,0,0
0,24000600,6,3,1,5.93333,4,480,1,1,0,1,99,0,0,0
0,24000600,6,4,1,8.33333,4,480,1,1,0,1,81,0,0,0
0,24000600,9,1,1,14.2333,8,1090,2,2,0,1,97,0,28,0
0,24000600,9,2,1,5.23333,5,730,2,2,0,1,97,0,34,0
0,24000600,9,3,1,4.73333,4,560,2,2,0,1,97,0,21,0
0,24000600,12,1,1,4.73333,4,560,2,2,0,1,97,0,21,0
0,24000600,12,2,1,5.23333,5,730,2,2,0,1,97,0,34,0
0,24000600,12,3,1,6.13333,5,600,2,2,0,1,71,0,129,0
0,24000700,3,1,1,6.33333,4,480,1,1,0,1,113,0,0,0
0,24000700,3,2,1,5.73333,3,360,1,1,0,1,97,0,0,0
0,24000700,3,3,1,6.33333,4,480,1,1,0,1,113,0,0,0
0,24000700,3,4,1,5.73333,3,360,1,1,0,1,97,0,0,0
0,24000700,6,1,1,4.83333,3,360,1,1,0,1,99,0,0,0
0,24000700,6,2,1,8.73333,5,600,1,1,0,1,97,0,0,0
0,24000700,6,3,1,4.83333,3,360,1,1,0,1,99,0,0,0
0,24000700,6,4,1,8.73333,5,600,1,1,0,1,97,0,0,0
0,24000700,9,1,1,9.53333,6,850,2,2,0,1,113,0,27,0
0,24000700,9,2,1,5.23333,4,480,2,2,0,1,97,0,35,0
0,24000700,9,3,1,7.63333,6,720,2,2,0,1,97,0,42,0
0,24000700,12,1,1,7.63333,6,720,2,2,0,1,97,0,42,0
0,24000700,12,2,1,5.23333,4,480,2,2,0,1,97,0,35,0
0,24000700,12,3,1,8.13333,6,850,2,2,0,1,71,0,45,0
0,24000800,3,1,1,4.73333,3,360,1,1,0,1,113,0,0,0
0,24000800,3,2,1,5.73333,3,366,1,1,0,1,97,0,0,0
0,24000800,3,3,1,4.73333,3,360,1,1,0,1,113,0,0,0
0,24000800,3,4,1,5.73333,3,366,1,1,0,1,97,0,0,0
0,24000800,6,1,1,5.03333,3,360,1,1,0,1,113,0,0,0
0,24000800,6,2,1,8.63333,5,606,1,1,0,1,97,0,0,0
0,24000800,6,3,1,5.03333,3,360,1,1,0,1,113,0,0,0
0,24000800,6,4,1,8.63333,5,606,1,1,0,1,97,0,0,0
0,24000800,9,1,1,8.73333,6,800,2,2,0,1,113,0,26,0
0,24000800,9,2,1,5.13333,4,480,2,2,0,1,113,0,20,0
0,24000800,9,3,1,5.03333,4,480,2,2,0,1,113,0,34,0
0,24000800,12,1,1,5.03333,4,480,2,2,0,1,113,0,34,0
0,24000800,12,2,1,5.13333,4,480,2,2,0,1,113,0,20,0
0,24000800,12,3,1,5.13333,4,530,2,2,0,1,92,0,117,0
0,24000900,3,1,1,6.43333,4,480,1,1,0,1,99,0,0,0
0,24000900,3,2,1,6.43333,3,360,1,1,0,1,97,0,0,0
0,24000900,3,3,1,6.43333,4,480,1,1,0,1,99,0,0,0
0,24000900,3,4,1,6.43333,3,360,1,1,0,1,97,0,0,0
0,24000900,6,1,1,5.13333,3,360,1,1,0,1,99,0,0,0
0,24000900,6,2,1,11.5333,5,600,1,1,0,1,97,0,0,0
0,24000900,6,3,1,5.13333,3,360,1,1,0,1,99,0,0,0
0,24000900,6,4,1,11.5333,5,600,1,1,0,1,97,0,0,0
0,24000900,9,1,1,19.6333,7,920,2,2,0,1,81,0,27,0
0,24000900,9,2,1,4.93333,4,560,2,2,0,1,97,0,36,0
0,24000900,9,3,1,5.03333,4,560,2,2,0,1,113,0,16,0
0,24000900,12,1,1,5.03333,4,560,2,2,0,1,113,0,16,0
0,24000900,12,2,1,4.93333,4,560,2,2,0,1,97,0,36,0
0,24000900,12,3,1,8.93333,5,680,2,2,0,1,71,0,90,0
0,24001000,3,1,1,6.23333,4,480,1,1,0,1,113,0,0,0
0,24001000,3,2,1,6.13333,3,360,1,1,0,1,97,0,0,0
0,24001000,3,3,1,6.23333,4,480,1,1,0,1,113,0,0,0
0,24001000,3,4,1,6.13333,3,360,1,1,0,1,97,0,0,0
0,24001000,6,1,1,6.43333,4,480,1,1,0,1,113,0,0,0
0,24001000,6,2,1,8.93333,5,600,1,1,0,1,97,0,0,0
0,24001000,6,3,1,6.43333,4,480,1,1,0,1,113,0,0,0
0,24001000,6,4,1,8.93333,5,600,1,1,0,1,97,0,0,0
0,24001000,9,1,1,14.4333,7,970,2,2,0,1,81,0,28,0
0,24001000,9,2,1,4.13333,4,610,2,2,0,1,97,0,36,0
0,24001000,9,3,1,4.83333,4,560,2,2,0,1,97,0,21,0
0,24001000,12,1,1,4.83333,4,560,2,2,0,1,97,0,21,0
0,24001000,12,2,1,4.13333,4,610,2,2,0,1,97,0,36,0
0,24001000,12,3,1,6.53333,5,730,2,2,0,1,71,0,41,0
0,24001100,3,1,1,5.43333,4,480,1,1,0,1,99,0,0,0
0,24001100,3,2,1,8.43333,4,480,1,1,0,1,113,0,0,0
0,24001100,3,3,1,5.43333,4,480,1,1,0,1,99,0,0,0
0,24001100,3,4,1,8.43333,4,480,1,1,0,1,113,0,0,0
0,24001100,6,1,1,5.53333,4,480,1,1,0,1,113,0,0,0
0,24001100,6,2,1,8.53333,5,600,1,1,0,1,97,0,0,0
0,24001100,6,3,1,5.53333,4,480,1,1,0,1,113,0,0,0
0,24001100,6,4,1,8.53333,5,600,1,1,0,1,97,0,0,0
0,24001100,9,1,1,14.2333,8,1090,2,2,0,1,97,0,28,0
0,24001100,9,2,1,5.23333,5,730,2,2,0,1,97,0,39,0
0,24001100,9,3,1,4.73333,4,560,2,2,0,1,97,0,22,0
0,24001100,12,1,1,4.73333,4,560,2,2,0,1,97,0,22,0
0,24001100,12,2,1,5.23333,5,730,2,2,0,1,97,0,39,0
0,24001100,12,3,1,5.6,5,700,2,2,0,1,70,0,129,0
0,24001200,3,1,1,6.13333,4,480,1,1,0,1,113,0,0,0
0,24001200,3,2,1,5.63333,3,366,1,1,0,1,97,0,0,0
0,24001200,3,3,1,6.13333,4,480,1,1,0,1,113,0,0,0
0,24001200,3,4,1,5.63333,3,366,1,1,0,1,97,0,0,0
0,24001200,6,1,1,4.73333,3,360,1,1,0,1,113,0,0,0
0,24001200,6,2,1,8.23333,4,486,1,1,0,1,81,0,0,0
0,24001200,6,3,1,4.73333,3,360,1,1,0,1,113,0,0,0
0,24001200,6,4,1,8.23333,4,486,1,1,0,1,81,0,0,0
0,24001200,9,1,1,10.0333,6,850,2,2,0,1,81,0,26,0
0,24001200,9,2,1,5.13333,4,480,2,2,0,1,113,0,18,0
0,24001200,9,3,1,4.93333,4,480,2,2,0,1,97,0,39,0
0,24001200,12,1,1,4.93333,4,480,2,2,0,1,97,0,39,0
0,24001200,12,2,1,5.13333,4,480,2,2,0,1,113,0,18,0
0,24001200,12,3,1,6.13333,5,600,2,2,0,1,71,0,131,0
0,24001300,3,1,1,4.63333,3,360,1,1,0,1,113,0,0,0
0,24001300,3,2,1,6.03333,3,360,1,1,0,1,97,0,0,0
0,24001300,3,3,1,4.63333,3,360,1,1,0,1,113,0,0,0
0,24001300,3,4,1,6.03333,3,360,1,1,0,1,97,0,0,0
0,24001300,6,1,1,4.73333,3,360,1,1,0,1,113,0,0,0
0,24001300,6,2,1,6.53333,4,480,1,1,0,1,97,0,0,0
0,24001300,6,3,1,4.73333,3,360,1,1,0,1,113,0,0,0
0,24001300,6,4,1,6.53333,4,480,1,1,0,1,97,0,0,0
0,24001300,9,1,1,7.63333,6,800,2,2,0,1,113,0,27,0
0,24001300,9,2,1,3.93333,4,610,2,2,0,1,97,0,8,0
0,24001300,9,3,1,4.03333,4,610,2,2,0,1,97,0,14,0
0,24001300,12,1,1,4.03333,4,610,2,2,0,1,97,0,14,0
0,24001300,12,2,1,3.93333,4,610,2,2,0,1,97,0,8,0
0,24001300,12,3,1,5.13333,5,730,2,2,0,1,92,0,42,0
0,24001400,3,1,1,4.63333,3,360,1,1,0,1,113,0,0,0
0,24001400,3,2,1,5.23333,3,360,1,1,0,1,97,0,0,0
0,24001400,3,3,1,4.63333,3,360,1,1,0,1,113,0,0,0
0,24001400,3,4,1,5.23333,3,360,1,1,0,1,97,0,0,0
0,24001400,6,1,1,4.63333,3,360,1,1,0,1,113,0,0,0
0,24001400,6,2,1,6.53333,4,480,1,1,0,1,97,0,0,0
0,24001400,6,3,1,4.63333,3,360,1,1,0,1,113,0,0,0
0,24001400,6,4,1,6.53333,4,480,1,1,0,1,97,0,0,0
0,24001400,9,1,1,10.0333,8,1040,2,2,0,1,113,0,27,0
0,24001400,9,2,1,3.93333,4,610,2,2,0,1,97,0,9,0
0,24001400,9,3,1,4.03333,4,610,2,2,0,1,97,0,14,0
0,24001400,12,1,1,4.03333,4,610,2,2,0,1,97,0,14,0
0,24001400,12,2,1,3.93333,4,610,2,2,0,1,97,0,9,0
0,24001400,12,3,1,5.13333,5,730,2,2,0,1,92,0,42,0
0,24001500,3,1,1,6.23333,4,480,1,1,0,1,99,0,0,0
0,24001500,3,2,1,6.13333,3,360,1,1,0,1,97,0,0,0
0,24001500,3,3,1,6.23333,4,480,1,1,0,1,99,0,0,0
0,24001500,3,4,1,6.13333,3,360,1,1,0,1,97,0,0,0
0,24001500,6,1,1,6.43333,4,480,1,1,0,1,99,0,0,0
0,24001500,6,2,1,8.23333,4,480,1,1,0,1,97,0,0,0
0,24001500,6,3,1,6.43333,4,480,1,1,0,1,99,0,0,0
0,24001500,6,4,1,8.23333,4,480,1,1,0,1,97,0,0,0
0,24001500,9,1,1,12.9333,6,800,2,2,0,1,97,0,28,0
0,24001500,9,2,1,4.83333,4,560,2,2,0,1,97,0,31,0
0,24001500,9,3,1,4.93333,4,560,2,2,0,1,97,0,22,0
0,24001500,12,1,1,4.93333,4,560,2,2,0,1,97,0,22,0
0,24001500,12,2,1,4.83333,4,560,2,2,0,1,97,0,31,0
0,24001500,12,3,1,7.43333,5,730,2,2,0,1,71,0,39,0
0,24001600,3,1,1,4.73333,3,360,1,1,0,1,113,0,0,0
0,24001600,3,2,1,6.33333,3,360,1,1,0,1,97,0,0,0
0,24001600,3,3,1,4.73333,3,360,1,1,0,1,113,0,0,0
0,24001600,3,4,1,6.33333,3,360,1,1,0,1,97,0,0,0
0,24001600,6,1,1,4.83333,3,360,1,1,0,1,113,0,0,0
0,24001600,6,2,1,6.73333,4,480,1,1,0,1,81,0,0,0
0,24001600,6,3,1,4.83333,3,360,1,1,0,1,113,0,0,0
0,24001600,6,4,1,6.73333,4,480,1,1,0,1,81,0,0,0
0,24001600,9,1,1,7.73333,6,800,2,2,0,1,113,0,27,0
0,24001600,9,2,1,5.13333,4,480,2,2,0,1,113,0,11,0
0,24001600,9,3,1,5.13333,4,530,2,2,0,1,97,0,47,0
0,24001600,12,1,1,5.13333,4,530,2,2,0,1,97,0,47,0
0,24001600,12,2,1,5.13333,4,480,2,2,0,1,113,0,11,0
0,24001600,12,3,1,5.13333,5,730,2,2,0,1,92,0,42,0
0,24001700,3,1,1,4.73333,3,361,1,1,0,1,113,0,0,0
0,24001700,3,2,1,5.63333,3,365,1,1,0,1,97,0,0,0
0,24001700,3,3,1,4.73333,3,361,1,1,0,1,113,0,0,0
0,24001700,3,4,1,5.63333,3,365,1,1,0,1,97,0,0,0
0,24001700,6,1,1,4.73333,3,360,1,1,0,1,113,0,0,0
0,24001700,6,2,1,8.33333,4,486,1,1,0,1,81,0,0,0
0,24001700,6,3,1,4.73333,3,360,1,1,0,1,113,0,0,0
0,24001700,6,4,1,8.33333,4,486,1,1,0,1,81,0,0,0
0,24001700,9,1,1,14.7333,8,1090,2,2,0,1,97,0,26,0
0,24001700,9,2,1,5.13333,4,480,2,2,0,1,113,0,17,0
0,24001700,9,3,1,5.03333,4,480,2,2,0,1,113,0,31,0
0,24001700,12,1,1,5.03333,4,480,2,2,0,1,113,0,31,0
0,24001700,12,2,1,5.13333,4,480,2,2,0,1,113,0,17,0
0,24001700,12,3,1,5.13333,4,530,2,2,0,1,95,0,117,0
0,24001800,3,1,1,6.33333,4,480,1,1,0,1,99,0,0,0
0,24001800,3,2,1,6.13333,3,360,1,1,0,1,97,0,0,0
0,24001800,3,3,1,6.33333,4,480,1,1,0,1,99,0,0,0
0,24001800,3,4,1,6.13333,3,360,1,1,0,1,97,0,0,0
0,24001800,6,1,1,6.43333,4,480,1,1,0,1,99,0,0,0
0,24001800,6,2,1,8.43333,4,480,1,1,0,1,97,0,0,0
0,24001800,6,3,1,6.43333,4,480,1,1,0,1,99,0,0,0
0,24001800,6,4,1,8.43333,4,480,1,1,0,1,97,0,0,0
0,24001800,9,1,1,15.4333,6,800,2,2,0,1,113,0,28,0
0,24001800,9,2,1,4.83333,4,560,2,2,0,1,97,0,21,0
0,24001800,9,3,1,4.93333,4,560,2,2,0,1,97,0,18,0
0,24001800,12,1,1,4.93333,4,560,2,2,0,1,97,0,18,0
0,24001800,12,2,1,4.83333,4,560,2,2,0,1,97,0,21,0
0,24001800,12,3,1,7.13333,5,680,2,2,0,1,92,0,43,0
0,24001900,3,1,1,5.23333,4,480,1,1,0,1,99,0,0,0
0,24001900,3,2,1,8.93333,6,720,1,1,0,1,97,0,0,0
0,24001900,3,3,1,5.23333,4,480,1,1,0,1,99,0,0,0
0,24001900,3,4,1,8.93333,6,720,1,1,0,1,97,0,0,0
0,24001900,6,1,1,5.33333,4,480,1,1,0,1,99,0,0,0
0,24001900,6,2,1,9.73333,5,600,1,1,0,1,97,0,0,0
0,24001900,6,3,1,5.33333,4,480,1,1,0,1,99,0,0,0
0,24001900,6,4,1,9.73333,5,600,1,1,0,1,97,0,0,0
0,24001900,9,1,1,10.3333,7,970,2,2,0,1,97,0,28,0
0,24001900,9,2,1,4,4,610,2,2,0,1,97,0,37,0
0,24001900,9,3,1,5.23333,5,730,2,2,0,1,97,0,23,0
0,24001900,12,1,1,5.23333,5,730,2,2,0,1,97,0,23,0
0,24001900,12,2,1,4,4,610,2,2,0,1,97,0,37,0
0,24001900,12,3,1,5.13333,5,730,2,2,0,1,92,0,105,0
0,24002000,3,1,1,6.33333,4,480,1,1,0,1,99,0,0,0
0,24002000,3,2,1,6.33333,3,360,1,1,0,1,97,0,0,0
0,24002000,3,3,1,6.33333,4,480,1,1,0,1,99,0,0,0
0,24002000,3,4,1,6.33333,3,360,1,1,0,1,97,0,0,0
0,24002000,6,1,1,6.53333,4,480,1,1,0,1,99,0,0,0
0,24002000,6,2,1,8.53333,4,480,1,1,0,1,97,0,0,0
0,24002000,6,3,1,6.53333,4,480,1,1,0,1,99,0,0,0
0,24002000,6,4,1,8.53333,4,480,1,1,0,1,97,0,0,0
0,24002000,9,1,1,12.9333,7,970,2,2,0,1,113,0,28,0
0,24002000,9,2,1,4.83333,4,560,2,2,0,1,97,0,27,0
0,24002000,9,3,1,4.93333,4,560,2,2,0,1,97,0,20,0
0,24002000,12,1,1,4.93333,4,560,2,2,0,1,97,0,20,0
0,24002000,12,2,1,4.83333,4,560,2,2,0,1,97,0,27,0
0,24002000,12,3,1,7.93333,5,730,2,2,0,1,89,0,44,0
0,24002100,3,1,1,5.53333,3,360,1,1,0,1,99,0,0,0
0,24002100,3,2,1,8.53333,3,360,1,1,0,1,113,0,0,0
0,24002100,3,3,1,5.53333,3,360,1,1,0,1,99,0,0,0
0,24002100,3,4,1,8.53333,3,360,1,1,0,1,113,0,0,0
0,24002100,6,1,1,6.63333,3,360,1,1,0,1,99,0,0,0
0,24002100,6,2,1,12.4333,4,480,1,1,0,1,113,0,0,0
0,24002100,6,3,1,6.63333,3,360,1,1,0,1,99,0,0,0
0,24002100,6,4,1,12.4333,4,480,1,1,0,1,113,0,0,0
0,24002100,9,1,1,17.9333,5,600,2,2,0,1,97,0,30,0
0,24002100,9,2,1,5.63333,3,360,2,2,0,1,113,0,22,0
0,24002100,9,3,1,5.63333,3,360,2,2,0,1,97,0,37,0
0,24002100,12,1,1,5.63333,3,360,2,2,0,1,97,0,37,0
0,24002100,12,2,1,5.63333,3,360,2,2,0,1,113,0,22,0
0,24002100,12,3,1,9.33333,5,730,2,2,0,1,71,0,44,0
0,24002200,3,1,1,5.73333,3,360,1,1,0,1,99,0,0,0
0,24002200,3,2,1,6.73333,3,360,1,1,0,1,97,0,0,0
0,24002200,3,3,1,5.73333,3,360,1,1,0,1,99,0,0,0
0,24002200,3,4,1,6.73333,3,360,1,1,0,1,97,0,0,0
0,24002200,6,1,1,5.53333,3,360,1,1,0,1,99,0,0,0
0,24002200,6,2,1,15.4333,4,480,1,1,0,1,113,0,0,0
0,24002200,6,3,1,5.53333,3,360,1,1,0,1,99,0,0,0
0,24002200,6,4,1,15.4333,4,480,1,1,0,1,113,0,0,0
0,24002200,9,1,1,15.4333,5,680,2,2,0,1,113,0,29,0
0,24002200,9,2,1,5.53333,3,360,2,2,0,1,97,0,26,0
0,24002200,9,3,1,5.63333,3,360,2,2,0,1,97,0,35,0
0,24002200,12,1,1,5.63333,3,360,2,2,0,1,97,0,35,0
0,24002200,12,2,1,5.53333,3,360,2,2,0,1,97,0,26,0
0,24002200,12,3,1,9.13333,5,730,2,2,0,1,71,0,43,0
0,24002300,3,1,1,4.63333,3,360,1,1,0,1,113,0,0,0
0,24002300,3,2,1,5.53333,3,365,1,1,0,1,97,0,0,0
0,24002300,3,3,1,4.63333,3,360,1,1,0,1,113,0,0,0
0,24002300,3,4,1,5.53333,3,365,1,1,0,1,97,0,0,0
0,24002300,6,1,1,4.73333,3,360,1,1,0,1,113,0,0,0
0,24002300,6,2,1,8.23333,4,486,1,1,0,1,81,0,0,0
0,24002300,6,3,1,4.73333,3,360,1,1,0,1,113,0,0,0
0,24002300,6,4,1,8.23333,4,486,1,1,0,1,81,0,0,0
0,24002300,9,1,1,10.4333,7,920,2,2,0,1,113,0,26,0
0,24002300,9,2,1,5.03333,4,480,2,2,0,1,113,0,17,0
0,24002300,9,3,1,4.93333,4,480,2,2,0,1,97,0,33,0
0,24002300,12,1,1,4.93333,4,480,2,2,0,1,97,0,33,0
0,24002300,12,2,1,5.03333,4,480,2,2,0,1,113,0,17,0
0,24002300,12,3,1,5.13333,4,530,2,2,0,1,92,0,117,0
6,24000006,3,1,1,6.3,4,680,1,1,0,1,131,0,0,0
6,24000006,3,2,1,10.7,5,850,1,1,0,1,131,0,0,0
6,24000006,3,3,1,6.3,4,680,1,1,0,1,131,0,0,0
6,24000006,3,4,1,10.7,5,850,1,1,0,1,131,0,0,0
6,24000006,6,1,1,10.1,5,853,1,1,0,1,131,0,0,0
6,24000006,6,2,1,21.6,8,1360,1,1,0,1,131,0,0,0
6,24000006,6,3,1,10.1,5,853,1,1,0,1,131,0,0,0
6,24000006,6,4,1,21.6,8,1360,1,1,0,1,131,0,0,0
6,24000006,9,1,1,12.3333,7,1250,2,2,0,1,115,0,8,0
6,24000006,9,2,1,7.1,5,880,2,2,0,1,115,0,0,0
6,24000006,9,3,1,7,5,953,2,2,0,1,115,0,7,0
6,24000006,12,1,1,7,5,953,2,2,0,1,115,0,7,0
6,24000006,12,2,1,7.1,5,880,2,2,0,1,115,0,0,0
6,24000006,12,3,1,20.2,10,1760,2,2,0,1,71,0,43,0
6,24000106,3,1,1,6.2,4,680,1,1,0,1,131,0,0,0
6,24000106,3,2,1,18.2,7,1190,1,1,0,1,131,0,0,0
6,24000106,3,3,1,6.2,4,680,1,1,0,1,131,0,0,0
6,24000106,3,4,1,18.2,7,1190,1,1,0,1,131,0,0,0
6,24000106,6,1,1,8.1,5,853,1,1,0,1,131,0,0,0
6,24000106,6,2,1,12.3,6,1020,1,1,0,1,131,0,0,0
6,24000106,6,3,1,8.1,5,853,1,1,0,1,131,0,0,0
6,24000106,6,4,1,12.3,6,1020,1,1,0,1,131,0,0,0
6,24000106,9,1,1,15.6,8,1420,2,2,0,1,115,0,9,0
6,24000106,9,2,1,7,5,880,2,2,0,1,115,0,0,0
6,24000106,9,3,1,7.1,5,880,2,2,0,1,115,0,6,0
6,24000106,12,1,1,7.1,5,880,2,2,0,1,115,0,6,0
6,24000106,12,2,1,7,5,880,2,2,0,1,115,0,0,0
6,24000106,12,3,1,17.0333,9,1560,2,2,0,1,61,0,39,0
6,24000206,3,1,1,7.8,4,680,1,1,0,1,131,0,0,0
6,24000206,3,2,1,15.5,6,1020,1,1,0,1,131,0,0,0
6,24000206,3,3,1,7.8,4,680,1,1,0,1,131,0,0,0
6,24000206,3,4,1,15.5,6,1020,1,1,0,1,131,0,0,0
6,24000206,6,1,1,10,5,853,1,1,0,1,131,0,0,0
6,24000206,6,2,1,18.6,7,1190,1,1,0,1,131,0,0,0
6,24000206,6,3,1,10,5,853,1,1,0,1,131,0,0,0
6,24000206,6,4,1,18.6,7,1190,1,1,0,1,131,0,0,0
6,24000206,9,1,1,12.4,7,1250,2,2,0,1,115,0,8,0
6,24000206,9,2,1,7.1,5,880,2,2,0,1,115,0,0,0
6,24000206,9,3,1,7,5,953,2,2,0,1,115,0,7,0
6,24000206,12,1,1,7,5,953,2,2,0,1,115,0,7,0
6,24000206,12,2,1,7.1,5,880,2,2,0,1,115,0,0,0
6,24000206,12,3,1,20.2,10,1760,2,2,0,1,71,0,44,0
6,24000306,3,1,1,6.6,3,510,1,1,0,1,131,0,0,0
6,24000306,3,2,1,18.3,6,1020,1,1,0,1,99,0,0,0
6,24000306,3,3,1,6.6,3,510,1,1,0,1,131,0,0,0
6,24000306,3,4,1,18.3,6,1020,1,1,0,1,99,0,0,0
6,24000306,6,1,1,9.6,4,683,1,1,0,1,131,0,0,0
6,24000306,6,2,1,24.6,6,1020,1,1,0,1,115,0,0,0
6,24000306,6,3,1,9.6,4,683,1,1,0,1,131,0,0,0
6,24000306,6,4,1,24.6,6,1020,1,1,0,1,115,0,0,0
6,24000306,9,1,1,18.1,7,1220,2,2,0,1,115,0,32,0
6,24000306,9,2,1,8.3,5,850,2,2,0,1,101,0,31,7
6,24000306,9,3,1,8,4,750,2,2,0,1,101,0,40,0
6,24000306,12,1,1,8,4,750,2,2,0,1,101,0,40,0
6,24000306,12,2,1,8.3,5,850,2,2,0,1,101,0,31,7
6,24000306,12,3,0,84.5333,24,4590,2,2,0,1,0,51,169,0
6,24000306,12,3,0,84.5333,24,4590,2,2,0,1,0,51,169,0
6,24000306,12,3,0,84.5333,24,4590,2,2,0,1,0,51,169,0
6,24000306,12,3,0,84.5333,24,4590,2,2,0,1,0,51,169,0
6,24000306,12,3,0,84.5333,24,4590,2,2,0,1,0,51,169,0
6,24000306,12,3,0,84.5333,24,4590,2,2,0,1,0,51,169,0
6,24000306,12,3,0,84.5333,24,4590,2,2,0,1,0,51,169,0
6,24000306,12,3,0,84.5333,24,4590,2,2,0,1,0,51,169,0
6,24000306,12,3,0,84.5333,24,4590,2,2,0,1,0,51,169,0
6,24000306,12,3,0,84.5333,24,4590,2,2,0,1,0,51,169,0
6,24000306,12,3,0,84.5333,24,4590,2,2,0,1,0,51,169,0
6,24000306,12,3,0,84.5333,24,4590,2,2,0,1,0,51,169,0
6,24000306,12,3,0,84.5333,24,4590,2,2,0,1,0,51,169,0
6,24000306,12,3,0,84.5333,24,4590,2,2,0,1,0,51,169,0
6,24000406,3,1,1,8,4,680,1,1,0,1,131,0,0,0
6,24000406,3,2,1,10.4333,6,1020,1,1,0,1,115,0,0,0
6,24000406,3,3,1,8,4,680,1,1,0,1,131,0,0,0
6,24000406,3,4,1,10.4333,6,1020,1,1,0,1,115,0,0,0
6,24000406,6,1,1,10.1,5,850,1,1,0,1,131,0,0,0
6,24000406,6,2,1,20.4,7,1190,1,1,0,1,99,0,0,0
6,24000406,6,3,1,10.1,5,850,1,1,0,1,131,0,0,0
6,24000406,6,4,1,20.4,7,1190,1,1,0,1,99,0,0,0
6,24000406,9,1,1,29.6,11,2035,2,2,0,1,131,0,110,0
6,24000406,9,2,1,7.2,5,880,2,2,0,1,131,0,1,0
6,24000406,9,3,1,7.3,5,880,2,2,0,1,131,0,7,0
6,24000406,12,1,1,7.3,5,880,2,2,0,1,131,0,7,0
6,24000406,12,2,1,7.2,5,880,2,2,0,1,131,0,1,0
6,24000406,12,3,0,53.9667,15,2850,2,2,0,1,0,51,242,0
6,24000406,12,3,0,53.9667,15,2850,2,2,0,1,0,51,242,0
6,24000406,12,3,0,53.9667,15,2850,2,2,0,1,0,51,242,0
6,24000406,12,3,0,53.9667,15,2850,2,2,0,1,0,51,242,0
6,24000406,12,3,0,53.9667,15,2850,2,2,0,1,0,51,242,0
6,24000406,12,3,0,53.9667,15,2850,2,2,0,1,0,51,242,0
6,24000406,12,3,0,53.9667,15,2850,2,2,0,1,0,51,242,0
6,24000406,12,3,0,53.9667,15,2850,2,2,0,1,0,51,242,0
6,24000406,12,3,0,53.9667,15,2850,2,2,0,1,0,51,242,0
6,24000406,12,3,0,53.9667,15,2850,2,2,0,1,0,51,242,0
6,24000406,12,3,0,53.9667,15,2850,2,2,0,1,0,51,242,0
6,24000406,12,3,0,53.9667,15,2850,2,2,0,1,0,51,242,0
6,24000406,12,3,0,53.9667,15,2850,2,2,0,1,0,51,242,0
6,24000406,12,3,0,53.9667,15,2850,2,2,0,1,0,51,242,0
6,24000506,3,1,1,8.5,4,681,1,1,0,1,131,0,0,0
6,24000506,3,2,1,10.7,5,850,1,1,0,1,131,0,0,0
6,24000506,3,3,1,8.5,4,681,1,1,0,1,131,0,0,0
6,24000506,3,4,1,10.7,5,850,1,1,0,1,131,0,0,0
6,24000506,6,1,1,10.1,5,853,1,1,0,1,131,0,0,0
6,24000506,6,2,1,12.6667,6,1020,1,1,0,1,131,0,0,0
6,24000506,6,3,1,10.1,5,853,1,1,0,1,131,0,0,0
6,24000506,6,4,1,12.6667,6,1020,1,1,0,1,131,0,0,0
6,24000506,9,1,1,18.1,8,1490,2,2,0,1,115,0,7,0
6,24000506,9,2,1,7,5,953,2,2,0,1,115,0,0,0
6,24000506,9,3,1,7.1,5,953,2,2,0,1,115,0,4,0
6,24000506,12,1,1,7.1,5,953,2,2,0,1,115,0,4,0
6,24000506,12,2,1,7,5,953,2,2,0,1,115,0,0,0
6,24000506,12,3,1,12.7667,7,1220,2,2,0,1,71,0,41,0
6,24000606,3,1,1,7.6,4,680,1,1,0,1,131,0,0,0
6,24000606,3,2,1,15.6,6,1020,1,1,0,1,99,0,0,0
6,24000606,3,3,1,7.6,4,680,1,1,0,1,131,0,0,0
6,24000606,3,4,1,15.6,6,1020,1,1,0,1,99,0,0,0
6,24000606,6,1,1,9.3,5,850,1,1,0,1,131,0,0,0
6,24000606,6,2,1,21.6,7,1190,1,1,0,1,99,0,0,0
6,24000606,6,3,1,9.3,5,850,1,1,0,1,131,0,0,0
6,24000606,6,4,1,21.6,7,1190,1,1,0,1,99,0,0,0
6,24000606,9,1,1,12.1333,7,1250,2,2,0,1,131,0,12,0
6,24000606,9,2,1,7.1,5,880,2,2,0,1,115,0,1,0
6,24000606,9,3,1,7,5,950,2,2,0,1,115,0,9,0
6,24000606,12,1,1,7,5,950,2,2,0,1,115,0,9,0
6,24000606,12,2,1,7.1,5,880,2,2,0,1,115,0,1,0
6,24000606,12,3,0,61.3667,17,3250,2,2,0,1,0,35,229,0
6,24000606,12,3,0,61.3667,17,3250,2,2,0,1,0,35,229,0
6,24000606,12,3,0,61.3667,17,3250,2,2,0,1,0,35,229,0
6,24000606,12,3,0,61.3667,17,3250,2,2,0,1,0,35,229,0
6,24000606,12,3,0,61.3667,17,3250,2,2,0,1,0,35,229,0
6,24000606,12,3,0,61.3667,17,3250,2,2,0,1,0,35,229,0
6,24000606,12,3,0,61.3667,17,3250,2,2,0,1,0,35,229,0
6,24000606,12,3,0,61.3667,17,3250,2,2,0,1,0,35,229,0
6,24000606,12,3,0,61.3667,17,3250,2,2,0,1,0,35,229,0
6,24000606,12,3,0,61.3667,17,3250,2,2,0,1,0,35,229,0
6,24000606,12,3,0,61.3667,17,3250,2,2,0,1,0,35,229,0
6,24000606,12,3,0,61.3667,17,3250,2,2,0,1,0,35,229,0
6,24000606,12,3,0,61.3667,17,3250,2,2,0,1,0,35,229,0
6,24000606,12,3,0,61.3667,17,3250,2,2,0,1,0,35,229,0
6,24000706,3,1,1,8.5,4,680,1,1,0,1,131,0,0,0
6,24000706,3,2,1,13.8,6,1020,1,1,0,1,83,0,0,0
6,24000706,3,3,1,8.5,4,680,1,1,0,1,131,0,0,0
6,24000706,3,4,1,13.8,6,1020,1,1,0,1,83,0,0,0
6,24000706,6,1,1,10,5,850,1,1,0,1,131,0,0,0
6,24000706,6,2,1,21,7,1190,1,1,0,1,99,0,0,0
6,24000706,6,3,1,10,5,850,1,1,0,1,131,0,0,0
6,24000706,6,4,1,21,7,1190,1,1,0,1,99,0,0,0
6,24000706,9,1,1,15.2,7,1290,2,2,0,1,99,0,9,0
6,24000706,9,2,1,8.7,6,1050,2,2,0,1,115,0,2,0
6,24000706,9,3,1,15.6,7,1290,2,2,0,1,99,0,7,0
6,24000706,12,1,1,15.6,7,1290,2,2,0,1,99,0,7,0
6,24000706,12,2,1,8.7,6,1050,2,2,0,1,115,0,2,0
6,24000706,12,3,0,58.9,16,3050,2,2,0,1,0,51,242,0
6,24000706,12,3,0,58.9,16,3050,2,2,0,1,0,51,242,0
6,24000706,12,3,0,58.9,16,3050,2,2,0,1,0,51,242,0
6,24000706,12,3,0,58.9,16,3050,2,2,0,1,0,51,242,0
6,24000706,12,3,0,58.9,16,3050,2,2,0,1,0,51,242,0
6,24000706,12,3,0,58.9,16,3050,2,2,0,1,0,51,242,0
6,24000706,12,3,0,58.9,16,3050,2,2,0,1,0,51,242,0
6,24000706,12,3,0,58.9,16,3050,2,2,0,1,0,51,242,0
6,24000706,12,3,0,58.9,16,3050,2,2,0,1,0,51,242,0
6,24000706,12,3,0,58.9,16,3050,2,2,0,1,0,51,242,0
6,24000706,12,3,0,58.9,16,3050,2,2,0,1,0,51,242,0
6,24000706,12,3,0,58.9,16,3050,2,2,0,1,0,51,242,0
6,24000706,12,3,0,58.9,16,3050,2,2,0,1,0,51,242,0
6,24000706,12,3,0,58.9,16,3050,2,2,0,1,0,51,242,0
6,24000806,3,1,1,6.6,3,510,1,1,0,1,131,0,0,0
6,24000806,3,2,1,15.6,4,680,1,1,0,1,115,0,0,0
6,24000806,3,3,1,6.6,3,510,1,1,0,1,131,0,0,0
6,24000806,3,4,1,15.6,4,680,1,1,0,1,115,0,0,0
6,24000806,6,1,1,9.6,4,680,1,1,0,1,131,0,0,0
6,24000806,6,2,1,21.6,6,1020,1,1,0,1,115,0,0,0
6,24000806,6,3,1,9.6,4,680,1,1,0,1,131,0,0,0
6,24000806,6,4,1,21.6,6,1020,1,1,0,1,115,0,0,0
6,24000806,9,1,1,20.6,8,1390,2,2,0,1,99,0,31,0
6,24000806,9,2,1,6.1,4,680,2,2,0,1,117,0,30,2
6,24000806,9,3,1,8,4,750,2,2,0,1,99,0,39,0
6,24000806,12,1,1,8,4,750,2,2,0,1,99,0,39,0
6,24000806,12,2,1,6.1,4,680,2,2,0,1,117,0,30,2
6,24000806,12,3,0,35.3333,12,2160,2,2,0,1,0,19,54,0
6,24000806,12,3,0,35.3333,12,2160,2,2,0,1,0,19,54,0
6,24000806,12,3,0,35.3333,12,2160,2,2,0,1,0,19,54,0
6,24000806,12,3,0,35.3333,12,2160,2,2,0,1,0,19,54,0
6,24000806,12,3,0,35.3333,12,2160,2,2,0,1,0,19,54,0
6,24000806,12,3,0,35.3333,12,2160,2,2,0,1,0,19,54,0
6,24000806,12,3,0,35.3333,12,2160,2,2,0,1,0,19,54,0
6,24000806,12,3,0,35.3333,12,2160,2,2,0,1,0,19,54,0
6,24000806,12,3,0,35.3333,12,2160,2,2,0,1,0,19,54,0
6,24000806,12,3,0,35.3333,12,2160,2,2,0,1,0,19,54,0
6,24000806,12,3,0,35.3333,12,2160,2,2,0,1,0,19,54,0
6,24000806,12,3,0,35.3333,12,2160,2,2,0,1,0,19,54,0
6,24000806,12,3,0,35.3333,12,2160,2,2,0,1,0,19,54,0
6,24000806,12,3,0,35.3333,12,2160,2,2,0,1,0,19,54,0
6,24000906,3,1,1,5.9,4,680,1,1,0,1,131,0,0,0
6,24000906,3,2,1,23.2,10,1700,1,1,0,1,67,0,0,0
6,24000906,3,3,1,5.9,4,680,1,1,0,1,131,0,0,0
6,24000906,3,4,1,23.2,10,1700,1,1,0,1,67,0,0,0
6,24000906,6,1,1,21.7,10,1700,1,1,0,1,103,0,0,0
6,24000906,6,2,1,16,8,1360,1,1,0,1,83,0,0,0
6,24000906,6,3,1,21.7,10,1700,1,1,0,1,103,0,0,0
6,24000906,6,4,1,16,8,1360,1,1,0,1,83,0,0,0
6,24000906,9,1,1,14.5,8,1420,2,2,0,1,131,0,26,0
6,24000906,9,2,1,6.7,5,880,2,2,0,1,131,0,0,0
6,24000906,9,3,1,8.6,6,1050,2,2,0,1,115,0,2,0
6,24000906,12,1,1,8.6,6,1050,2,2,0,1,115,0,2,0
6,24000906,12,2,1,6.7,5,880,2,2,0,1,131,0,0,0
6,24000906,12,3,1,15.3,8,1420,2,2,0,1,110,0,55,0
6,24001006,3,1,1,6.7,3,510,1,1,0,1,131,0,0,0
6,24001006,3,2,1,15.3,6,1020,1,1,0,1,115,0,0,0
6,24001006,3,3,1,6.7,3,510,1,1,0,1,131,0,0,0
6,24001006,3,4,1,15.3,6,1020,1,1,0,1,115,0,0,0
6,24001006,6,1,1,9.6,4,681,1,1,0,1,131,0,0,0
6,24001006,6,2,1,27.6,6,1020,1,1,0,1,131,0,0,0
6,24001006,6,3,1,9.6,4,681,1,1,0,1,131,0,0,0
6,24001006,6,4,1,27.6,6,1020,1,1,0,1,131,0,0,0
6,24001006,9,1,1,18.4,7,1220,2,2,0,1,99,0,31,0
6,24001006,9,2,1,10.5,5,920,2,2,0,1,85,0,40,4
6,24001006,9,3,1,10.8,5,880,2,2,0,1,115,0,14,0
6,24001006,12,1,1,10.8,5,880,2,2,0,1,115,0,14,0
6,24001006,12,2,1,10.5,5,920,2,2,0,1,85,0,40,4
6,24001006,12,3,0,76.5333,20,3820,2,2,0,1,0,51,189,0
6,24001006,12,3,0,76.5333,20,3820,2,2,0,1,0,51,189,0
6,24001006,12,3,0,76.5333,20,3820,2,2,0,1,0,51,189,0
6,24001006,12,3,0,76.5333,20,3820,2,2,0,1,0,51,189,0
6,24001006,12,3,0,76.5333,20,3820,2,2,0,1,0,51,189,0
6,24001006,12,3,0,76.5333,20,3820,2,2,0,1,0,51,189,0
6,24001006,12,3,0,76.5333,20,3820,2,2,0,1,0,51,189,0
6,24001006,12,3,0,76.5333,20,3820,2,2,0,1,0,51,189,0
6,24001006,12,3,0,76.5333,20,3820,2,2,0,1,0,51,189,0
6,24001006,12,3,0,76.5333,20,3820,2,2,0,1,0,51,189,0
6,24001006,12,3,0,76.5333,20,3820,2,2,0,1,0,51,189,0
6,24001006,12,3,0,76.5333,20,3820,2,2,0,1,0,51,189,0
6,24001006,12,3,0,76.5333,20,3820,2,2,0,1,0,51,189,0
6,24001006,12,3,0,76.5333,20,3820,2,2,0,1,0,51,189,0
6,24001106,3,1,1,6.6,3,510,1,1,0,1,131,0,0,0
6,24001106,3,2,1,15.6,6,1020,1,1,0,1,131,0,0,0
6,24001106,3,3,1,6.6,3,510,1,1,0,1,131,0,0,0
6,24001106,3,4,1,15.6,6,1020,1,1,0,1,131,0,0,0
6,24001106,6,1,1,9.6,4,680,1,1,0,1,131,0,0,0
6,24001106,6,2,1,24.6,6,1020,1,1,0,1,115,0,0,0
6,24001106,6,3,1,9.6,4,680,1,1,0,1,131,0,0,0
6,24001106,6,4,1,24.6,6,1020,1,1,0,1,115,0,0,0
6,24001106,9,1,1,17.4,7,1220,2,2,0,1,115,0,30,0
6,24001106,9,2,1,8.2,4,680,2,2,0,1,117,0,36,3
6,24001106,9,3,1,9.8,5,950,2,2,0,1,115,0,14,0
6,24001106,12,1,1,9.8,5,950,2,2,0,1,115,0,14,0
6,24001106,12,2,1,8.2,4,680,2,2,0,1,117,0,36,3
6,24001106,12,3,0,25.7667,10,1730,2,2,0,1,0,51,47,0
6,24001106,12,3,0,25.7667,10,1730,2,2,0,1,0,51,47,0
6,24001106,12,3,0,25.7667,10,1730,2,2,0,1,0,51,47,0
6,24001106,12,3,0,25.7667,10,1730,2,2,0,1,0,51,47,0
6,24001106,12,3,0,25.7667,10,1730,2,2,0,1,0,51,47,0
6,24001106,12,3,0,25.7667,10,1730,2,2,0,1,0,51,47,0
6,24001106,12,3,0,25.7667,10,1730,2,2,0,1,0,51,47,0
6,24001106,12,3,0,25.7667,10,1730,2,2,0,1,0,51,47,0
6,24001106,12,3,0,25.7667,10,1730,2,2,0,1,0,51,47,0
6,24001106,12,3,0,25.7667,10,1730,2,2,0,1,0,51,47,0
6,24001106,12,3,0,25.7667,10,1730,2,2,0,1,0,51,47,0
6,24001106,12,3,0,25.7667,10,1730,2,2,0,1,0,51,47,0
6,24001106,12,3,0,25.7667,10,1730,2,2,0,1,0,51,47,0
6,24001106,12,3,0,25.7667,10,1730,2,2,0,1,0,51,47,0
6,24001206,3,1,1,5.9,4,680,1,1,0,1,131,0,0,0
6,24001206,3,2,1,14.7667,7,1190,1,1,0,1,83,0,0,0
6,24001206,3,3,1,5.9,4,680,1,1,0,1,131,0,0,0
6,24001206,3,4,1,14.7667,7,1190,1,1,0,1,83,0,0,0
6,24001206,6,1,1,7.43333,5,850,1,1,0,1,131,0,0,0
6,24001206,6,2,1,19.1,9,1530,1,1,0,1,83,0,0,0
6,24001206,6,3,1,7.43333,5,850,1,1,0,1,131,0,0,0
6,24001206,6,4,1,19.1,9,1530,1,1,0,1,83,0,0,0
6,24001206,9,1,1,15.6,8,1450,2,2,0,1,115,0,26,0
6,24001206,9,2,1,8.8,6,1050,2,2,0,1,115,0,0,0
6,24001206,9,3,1,8.6,6,1050,2,2,0,1,115,0,3,0
6,24001206,12,1,1,8.6,6,1050,2,2,0,1,115,0,3,0
6,24001206,12,2,1,8.8,6,1050,2,2,0,1,115,0,0,0
6,24001206,12,3,1,33.5,15,2610,2,2,0,1,25,0,39,0
6,24001306,3,1,1,8.5,4,680,1,1,0,1,131,0,0,0
6,24001306,3,2,1,10.4333,6,1020,1,1,0,1,115,0,0,0
6,24001306,3,3,1,8.5,4,680,1,1,0,1,131,0,0,0
6,24001306,3,4,1,10.4333,6,1020,1,1,0,1,115,0,0,0
6,24001306,6,1,1,10.1,5,850,1,1,0,1,131,0,0,0
6,24001306,6,2,1,21.6,7,1190,1,1,0,1,99,0,0,0
6,24001306,6,3,1,10.1,5,850,1,1,0,1,131,0,0,0
6,24001306,6,4,1,21.6,7,1190,1,1,0,1,99,0,0,0
6,24001306,9,1,1,10,6,1050,2,2,0,1,131,0,9,0
6,24001306,9,2,1,7.2,5,880,2,2,0,1,131,0,0,0
6,24001306,9,3,1,9,6,1050,2,2,0,1,115,0,7,0
6,24001306,12,1,1,9,6,1050,2,2,0,1,115,0,7,0
6,24001306,12,2,1,7.2,5,880,2,2,0,1,131,0,0,0
6,24001306,12,3,0,53.9667,15,2850,2,2,0,1,0,51,224,0
6,24001306,12,3,0,53.9667,15,2850,2,2,0,1,0,51,224,0
6,24001306,12,3,0,53.9667,15,2850,2,2,0,1,0,51,224,0
6,24001306,12,3,0,53.9667,15,2850,2,2,0,1,0,51,224,0
6,24001306,12,3,0,53.9667,15,2850,2,2,0,1,0,51,224,0
6,24001306,12,3,0,53.9667,15,2850,2,2,0,1,0,51,224,0
6,24001306,12,3,0,53.9667,15,2850,2,2,0,1,0,51,224,0
6,24001306,12,3,0,53.9667,15,2850,2,2,0,1,0,51,224,0
6,24001306,12,3,0,53.9667,15,2850,2,2,0,1,0,51,224,0
6,24001306,12,3,0,53.9667,15,2850,2,2,0,1,0,51,224,0
6,24001306,12,3,0,53.9667,15,2850,2,2,0,1,0,51,224,0
6,24001306,12,3,0,53.9667,15,2850,2,2,0,1,0,51,224,0
6,24001306,12,3,0,53.9667,15,2850,2,2,0,1,0,51,224,0
6,24001306,12,3,0,53.9667,15,2850,2,2,0,1,0,51,224,0
6,24001406,3,1,1,5.8,4,680,1,1,0,1,131,0,0,0
6,24001406,3,2,1,15,7,1190,1,1,0,1,83,0,0,0
6,24001406,3,3,1,5.8,4,680,1,1,0,1,131,0,0,0
6,24001406,3,4,1,15,7,1190,1,1,0,1,83,0,0,0
6,24001406,6,1,1,9.83333,6,1020,1,1,0,1,103,0,0,0
6,24001406,6,2,1,15.7333,8,1360,1,1,0,1,67,0,0,0
6,24001406,6,3,1,9.83333,6,1020,1,1,0,1,103,0,0,0
6,24001406,6,4,1,15.7333,8,1360,1,1,0,1,67,0,0,0
6,24001406,9,1,1,15.5,8,1420,2,2,0,1,115,0,26,0
6,24001406,9,2,1,6.3,5,880,2,2,0,1,115,0,0,0
6,24001406,9,3,1,6.8,5,880,2,2,0,1,131,0,4,0
6,24001406,12,1,1,6.8,5,880,2,2,0,1,131,0,4,0
6,24001406,12,2,1,6.3,5,880,2,2,0,1,115,0,0,0
6,24001406,12,3,1,28.7,13,2300,2,2,0,1,86,0,38,0
6,24001506,3,1,1,8.5,4,680,1,1,0,1,131,0,0,0
6,24001506,3,2,1,11.9,6,1020,1,1,0,1,99,0,0,0
6,24001506,3,3,1,8.5,4,680,1,1,0,1,131,0,0,0
6,24001506,3,4,1,11.9,6,1020,1,1,0,1,99,0,0,0
6,24001506,6,1,1,10.1,5,850,1,1,0,1,131,0,0,0
6,24001506,6,2,1,21.6,7,1190,1,1,0,1,99,0,0,0
6,24001506,6,3,1,10.1,5,850,1,1,0,1,131,0,0,0
6,24001506,6,4,1,21.6,7,1190,1,1,0,1,99,0,0,0
6,24001506,9,1,1,13.1,6,1050,2,2,0,1,131,0,8,0
6,24001506,9,2,1,7.2,5,880,2,2,0,1,131,0,1,0
6,24001506,9,3,1,7.3,5,880,2,2,0,1,131,0,7,0
6,24001506,12,1,1,7.3,5,880,2,2,0,1,131,0,7,0
6,24001506,12,2,1,7.2,5,880,2,2,0,1,131,0,1,0
6,24001506,12,3,0,71.2,19,3650,2,2,0,1,0,51,243,0
6,24001506,12,3,0,71.2,19,3650,2,2,0,1,0,51,243,0
6,24001506,12,3,0,71.2,19,3650,2,2,0,1,0,51,243,0
6,24001506,12,3,0,71.2,19,3650,2,2,0,1,0,51,243,0
6,24001506,12,3,0,71.2,19,3650,2,2,0,1,0,51,243,0
6,24001506,12,3,0,71.2,19,3650,2,2,0,1,0,51,243,0
6,24001506,12,3,0,71.2,19,3650,2,2,0,1,0,51,243,0
6,24001506,12,3,0,71.2,19,3650,2,2,0,1,0,51,243,0
6,24001506,12,3,0,71.2,19,3650,2,2,0,1,0,51,243,0
6,24001506,12,3,0,71.2,19,3650,2,2,0,1,0,51,243,0
6,24001506,12,3,0,71.2,19,3650,2,2,0,1,0,51,243,0
6,24001506,12,3,0,71.2,19,3650,2,2,0,1,0,51,243,0
6,24001506,12,3,0,71.2,19,3650,2,2,0,1,0,51,243,0
6,24001506,12,3,0,71.2,19,3650,2,2,0,1,0,51,243,0
6,24001606,3,1,1,6.1,4,680,1,1,0,1,131,0,0,0
6,24001606,3,2,1,17.5,7,1190,1,1,0,1,131,0,0,0
6,24001606,3,3,1,6.1,4,680,1,1,0,1,131,0,0,0
6,24001606,3,4,1,17.5,7,1190,1,1,0,1,131,0,0,0
6,24001606,6,1,1,7.7,5,850,1,1,0,1,131,0,0,0
6,24001606,6,2,1,11.7,6,1020,1,1,0,1,131,0,0,0
6,24001606,6,3,1,7.7,5,850,1,1,0,1,131,0,0,0
6,24001606,6,4,1,11.7,6,1020,1,1,0,1,131,0,0,0
6,24001606,9,1,1,12.8667,7,1220,2,2,0,1,115,0,10,0
6,24001606,9,2,1,7,5,880,2,2,0,1,115,0,0,0
6,24001606,9,3,1,7.1,5,880,2,2,0,1,115,0,7,0
6,24001606,12,1,1,7.1,5,880,2,2,0,1,115,0,7,0
6,24001606,12,2,1,7,5,880,2,2,0,1,115,0,0,0
6,24001606,12,3,1,11.8,7,1220,2,2,0,1,110,0,43,0
6,24001706,3,1,1,9.6,3,510,1,1,0,1,131,0,0,0
6,24001706,3,2,1,18.6,6,1020,1,1,0,1,99,0,0,0
6,24001706,3,3,1,9.6,3,510,1,1,0,1,131,0,0,0
6,24001706,3,4,1,18.6,6,1020,1,1,0,1,99,0,0,0
6,24001706,6,1,1,18.6,5,850,1,1,0,1,131,0,0,0
6,24001706,6,2,1,27.6,6,1020,1,1,0,1,131,0,0,0
6,24001706,6,3,1,18.6,5,850,1,1,0,1,131,0,0,0
6,24001706,6,4,1,27.6,6,1020,1,1,0,1,131,0,0,0
6,24001706,9,1,1,33.2,12,2070,2,2,0,1,94,0,30,0
6,24001706,9,2,1,12.3,6,1050,2,2,0,1,115,0,3,1
6,24001706,9,3,1,11.6,5,880,2,2,0,1,131,0,13,0
6,24001706,12,1,1,11.6,5,880,2,2,0,1,131,0,13,0
6,24001706,12,2,1,12.3,6,1050,2,2,0,1,115,0,3,1
6,24001706,12,3,0,35.3333,13,2300,2,2,0,1,0,3,26,0
6,24001706,12,3,0,35.3333,13,2300,2,2,0,1,0,3,26,0
6,24001706,12,3,0,35.3333,13,2300,2,2,0,1,0,3,26,0
6,24001706,12,3,0,35.3333,13,2300,2,2,0,1,0,3,26,0
6,24001706,12,3,0,35.3333,13,2300,2,2,0,1,0,3,26,0
6,24001706,12,3,0,35.3333,13,2300,2,2,0,1,0,3,26,0
6,24001706,12,3,0,35.3333,13,2300,2,2,0,1,0,3,26,0
6,24001706,12,3,0,35.3333,13,2300,2,2,0,1,0,3,26,0
6,24001706,12,3,0,35.3333,13,2300,2,2,0,1,0,3,26,0
6,24001706,12,3,0,35.3333,13,2300,2,2,0,1,0,3,26,0
6,24001706,12,3,0,35.3333,13,2300,2,2,0,1,0,3,26,0
6,24001706,12,3,0,35.3333,13,2300,2,2,0,1,0,3,26,0
6,24001706,12,3,0,35.3333,13,2300,2,2,0,1,0,3,26,0
6,24001706,12,3,0,35.3333,13,2300,2,2,0,1,0,3,26,0
6,24001806,3,1,1,8.6,4,680,1,1,0,1,131,0,0,0
6,24001806,3,2,1,12,6,1020,1,1,0,1,99,0,0,0
6,24001806,3,3,1,8.6,4,680,1,1,0,1,131,0,0,0
6,24001806,3,4,1,12,6,1020,1,1,0,1,99,0,0,0
6,24001806,6,1,1,8.4,5,850,1,1,0,1,131,0,0,0
6,24001806,6,2,1,18.6,7,1190,1,1,0,1,99,0,0,0
6,24001806,6,3,1,8.4,5,850,1,1,0,1,131,0,0,0
6,24001806,6,4,1,18.6,7,1190,1,1,0,1,99,0,0,0
6,24001806,9,1,1,10.7,6,1050,2,2,0,1,131,0,7,0
6,24001806,9,2,1,7.1,5,950,2,2,0,1,115,0,0,0
6,24001806,9,3,1,8.4,5,880,2,2,0,1,115,0,6,0
6,24001806,12,1,1,8.4,5,880,2,2,0,1,115,0,6,0
6,24001806,12,2,1,7.1,5,950,2,2,0,1,115,0,0,0
6,24001806,12,3,0,48.7667,14,2620,2,2,0,1,0,67,329,0
6,24001806,12,3,0,48.7667,14,2620,2,2,0,1,0,67,329,0
6,24001806,12,3,0,48.7667,14,2620,2,2,0,1,0,67,329,0
6,24001806,12,3,0,48.7667,14,2620,2,2,0,1,0,67,329,0
6,24001806,12,3,0,48.7667,14,2620,2,2,0,1,0,67,329,0
6,24001806,12,3,0,48.7667,14,2620,2,2,0,1,0,67,329,0
6,24001806,12,3,0,48.7667,14,2620,2,2,0,1,0,67,329,0
6,24001806,12,3,0,48.7667,14,2620,2,2,0,1,0,67,329,0
6,24001806,12,3,0,48.7667,14,2620,2,2,0,1,0,67,329,0
6,24001806,12,3,0,48.7667,14,2620,2,2,0,1,0,67,329,0
6,24001806,12,3,0,48.7667,14,2620,2,2,0,1,0,67,329,0
6,24001806,12,3,0,48.7667,14,2620,2,2,0,1,0,67,329,0
6,24001806,12,3,0,48.7667,14,2620,2,2,0,1,0,67,329,0
6,24001806,12,3,0,48.7667,14,2620,2,2,0,1,0,67,329,0
6,24001906,3,1,1,5.8,4,680,1,1,0,1,131,0,0,0
6,24001906,3,2,1,15,7,1190,1,1,0,1,83,0,0,0
6,24001906,3,3,1,5.8,4,680,1,1,0,1,131,0,0,0
6,24001906,3,4,1,15,7,1190,1,1,0,1,83,0,0,0
6,24001906,6,1,1,9.7,6,1020,1,1,0,1,103,0,0,0
6,24001906,6,2,1,22.7,10,1700,1,1,0,1,115,0,0,0
6,24001906,6,3,1,9.7,6,1020,1,1,0,1,103,0,0,0
6,24001906,6,4,1,22.7,10,1700,1,1,0,1,115,0,0,0
6,24001906,9,1,1,17.3,9,1590,2,2,0,1,131,0,26,0
6,24001906,9,2,1,6.6,5,880,2,2,0,1,115,0,0,0
6,24001906,9,3,1,8.6,6,1050,2,2,0,1,115,0,3,0
6,24001906,12,1,1,8.6,6,1050,2,2,0,1,115,0,3,0
6,24001906,12,2,1,6.6,5,880,2,2,0,1,115,0,0,0
6,24001906,12,3,1,14.5,8,1420,2,2,0,1,90,0,38,0
6,24002006,3,1,1,5.9,4,680,1,1,0,1,131,0,0,0
6,24002006,3,2,1,10,6,1020,1,1,0,1,99,0,0,0
6,24002006,3,3,1,5.9,4,680,1,1,0,1,131,0,0,0
6,24002006,3,4,1,10,6,1020,1,1,0,1,99,0,0,0
6,24002006,6,1,1,7.43333,5,850,1,1,0,1,131,0,0,0
6,24002006,6,2,1,19.1,9,1530,1,1,0,1,83,0,0,0
6,24002006,6,3,1,7.43333,5,850,1,1,0,1,131,0,0,0
6,24002006,6,4,1,19.1,9,1530,1,1,0,1,83,0,0,0
6,24002006,9,1,1,15.6,8,1420,2,2,0,1,115,0,26,0
6,24002006,9,2,1,6.6,5,880,2,2,0,1,115,0,0,0
6,24002006,9,3,1,6.8,5,880,2,2,0,1,131,0,3,0
6,24002006,12,1,1,6.8,5,880,2,2,0,1,131,0,3,0
6,24002006,12,2,1,6.6,5,880,2,2,0,1,115,0,0,0
6,24002006,12,3,1,22.6,11,1930,2,2,0,1,69,0,39,0
6,24002106,3,1,1,7.7,4,680,1,1,0,1,131,0,0,0
6,24002106,3,2,1,15.2333,7,1190,1,1,0,1,83,0,0,0
6,24002106,3,3,1,7.7,4,680,1,1,0,1,131,0,0,0
6,24002106,3,4,1,15.2333,7,1190,1,1,0,1,83,0,0,0
6,24002106,6,1,1,10,5,850,1,1,0,1,131,0,0,0
6,24002106,6,2,1,12.6667,7,1190,1,1,0,1,115,0,0,0
6,24002106,6,3,1,10,5,850,1,1,0,1,131,0,0,0
6,24002106,6,4,1,12.6667,7,1190,1,1,0,1,115,0,0,0
6,24002106,9,1,1,15.6,8,1450,2,2,0,1,131,0,11,0
6,24002106,9,2,1,7.1,5,880,2,2,0,1,115,0,1,0
6,24002106,9,3,1,7,5,950,2,2,0,1,115,0,9,0
6,24002106,12,1,1,7,5,950,2,2,0,1,115,0,9,0
6,24002106,12,2,1,7.1,5,880,2,2,0,1,115,0,1,0
6,24002106,12,3,0,71.3667,19,3680,2,2,0,1,0,35,245,0
6,24002106,12,3,0,71.3667,19,3680,2,2,0,1,0,35,245,0
6,24002106,12,3,0,71.3667,19,3680,2,2,0,1,0,35,245,0
6,24002106,12,3,0,71.3667,19,3680,2,2,0,1,0,35,245,0
6,24002106,12,3,0,71.3667,19,3680,2,2,0,1,0,35,245,0
6,24002106,12,3,0,71.3667,19,3680,2,2,0,1,0,35,245,0
6,24002106,12,3,0,71.3667,19,3680,2,2,0,1,0,35,245,0
6,24002106,12,3,0,71.3667,19,3680,2,2,0,1,0,35,245,0
6,24002106,12,3,0,71.3667,19,3680,2,2,0,1,0,35,245,0
6,24002106,12,3,0,71.3667,19,3680,2,2,0,1,0,35,245,0
6,24002106,12,3,0,71.3667,19,3680,2,2,0,1,0,35,245,0
6,24002106,12,3,0,71.3667,19,3680,2,2,0,1,0,35,245,0
6,24002106,12,3,0,71.3667,19,3680,2,2,0,1,0,35,245,0
6,24002106,12,3,0,71.3667,19,3680,2,2,0,1,0,35,245,0
6,24002206,3,1,1,5.9,4,680,1,1,0,1,131,0,0,0
6,24002206,3,2,1,18.4,8,1360,1,1,0,1,83,0,0,0
6,24002206,3,3,1,5.9,4,680,1,1,0,1,131,0,0,0
6,24002206,3,4,1,18.4,8,1360,1,1,0,1,83,0,0,0
6,24002206,6,1,1,7.53333,5,850,1,1,0,1,131,0,0,0
6,24002206,6,2,1,22.1,9,1530,1,1,0,1,131,0,0,0
6,24002206,6,3,1,7.53333,5,850,1,1,0,1,131,0,0,0
6,24002206,6,4,1,22.1,9,1530,1,1,0,1,131,0,0,0
6,24002206,9,1,1,14.8,8,1420,2,2,0,1,131,0,25,0
6,24002206,9,2,1,6.7,5,880,2,2,0,1,131,0,0,0
6,24002206,9,3,1,8.6,6,1050,2,2,0,1,115,0,3,0
6,24002206,12,1,1,8.6,6,1050,2,2,0,1,115,0,3,0
6,24002206,12,2,1,6.7,5,880,2,2,0,1,131,0,0,0
6,24002206,12,3,1,14.5,8,1420,2,2,0,1,90,0,38,0
6,24002306,3,1,1,6.6,3,510,1,1,0,1,131,0,0,0
6,24002306,3,2,1,21.1,7,1190,1,1,0,1,115,0,0,0
6,24002306,3,3,1,6.6,3,510,1,1,0,1,131,0,0,0
6,24002306,3,4,1,21.1,7,1190,1,1,0,1,115,0,0,0
6,24002306,6,1,1,9.6,4,681,1,1,0,1,131,0,0,0
6,24002306,6,2,1,21.6,6,1020,1,1,0,1,131,0,0,0
6,24002306,6,3,1,9.6,4,681,1,1,0,1,131,0,0,0
6,24002306,6,4,1,21.6,6,1020,1,1,0,1,131,0,0,0
6,24002306,9,1,1,20.6,8,1390,2,2,0,1,99,0,31,0
6,24002306,9,2,1,8.3,5,850,2,2,0,1,101,0,30,5
6,24002306,9,3,1,8,4,750,2,2,0,1,99,0,42,0
6,24002306,12,1,1,8,4,750,2,2,0,1,99,0,42,0
6,24002306,12,2,1,8.3,5,850,2,2,0,1,101,0,30,5
6,24002306,12,3,0,37,13,2360,2,2,0,1,0,51,238,0
6,24002306,12,3,0,37,13,2360,2,2,0,1,0,51,238,0
6,24002306,12,3,0,37,13,2360,2,2,0,1,0,51,238,0
6,24002306,12,3,0,37,13,2360,2,2,0,1,0,51,238,0
6,24002306,12,3,0,37,13,2360,2,2,0,1,0,51,238,0
6,24002306,12,3,0,37,13,2360,2,2,0,1,0,51,238,0
6,24002306,12,3,0,37,13,2360,2,2,0,1,0,51,238,0
6,24002306,12,3,0,37,13,2360,2,2,0,1,0,51,238,0
6,24002306,12,3,0,37,13,2360,2,2,0,1,0,51,238,0
6,24002306,12,3,0,37,13,2360,2,2,0,1,0,51,238,0
6,24002306,12,3,0,37,13,2360,2,2,0,1,0,51,238,0
6,24002306,12,3,0,37,13,2360,2,2,0,1,0,51,238,0
6,24002306,12,3,0,37,13,2360,2,2,0,1,0,51,238,0
6,24002306,12,3,0,37,13,2360,2,2,0,1,0,51,238,0
35,24000035,3,1,1,8.6,4,681,1,1,0,1,87,0,0,0
35,24000035,3,2,1,21.6,7,1190,1,1,0,1,101,0,0,0
35,24000035,3,3,1,8.6,4,681,1,1,0,1,87,0,0,0
35,24000035,3,4,1,21.6,7,1190,1,1,0,1,101,0,0,0
35,24000035,6,1,1,12.1,6,1021,1,1,0,1,87,0,0,0
35,24000035,6,2,1,18.6,6,1020,1,1,0,1,101,0,0,0
35,24000035,6,3,1,12.1,6,1021,1,1,0,1,87,0,0,0
35,24000035,6,4,1,18.6,6,1020,1,1,0,1,101,0,0,0
35,24000035,9,1,1,17.9333,7,1020,2,2,0,1,85,0,23,0
35,24000035,9,2,1,13.9,6,1050,2,2,0,1,101,0,0,0
35,24000035,9,3,1,16,6,1050,2,2,0,1,101,0,9,0
35,24000035,12,1,1,16,6,1050,2,2,0,1,101,0,9,0
35,24000035,12,2,1,13.9,6,1050,2,2,0,1,101,0,0,0
35,24000035,12,3,1,15.7667,7,1220,2,2,0,1,25,0,39,0
35,24000135,3,1,1,7.9,5,850,1,1,0,1,101,0,0,0
35,24000135,3,2,1,21.6,8,1360,1,1,0,1,85,0,0,0
35,24000135,3,3,1,7.9,5,850,1,1,0,1,101,0,0,0
35,24000135,3,4,1,21.6,8,1360,1,1,0,1,85,0,0,0
35,24000135,6,1,1,10.1,6,1020,1,1,0,1,101,0,0,0
35,24000135,6,2,1,27.6,8,1360,1,1,0,1,69,0,0,0
35,24000135,6,3,1,10.1,6,1020,1,1,0,1,101,0,0,0
35,24000135,6,4,1,27.6,8,1360,1,1,0,1,69,0,0,0
35,24000135,9,1,1,17.9333,7,1070,2,2,0,1,101,0,15,0
35,24000135,9,2,1,8,6,1000,2,2,0,1,69,0,8,0
35,24000135,9,3,1,8,6,1000,2,2,0,1,69,0,12,0
35,24000135,12,1,1,8,6,1000,2,2,0,1,69,0,12,0
35,24000135,12,2,1,8,6,1000,2,2,0,1,69,0,8,0
35,24000135,12,3,1,15.6,7,1250,2,2,0,1,52,0,59,0
35,24000235,3,1,1,8.5,5,850,1,1,0,1,101,0,0,0
35,24000235,3,2,1,12.6667,6,1020,1,1,0,1,101,0,0,0
35,24000235,3,3,1,8.5,5,850,1,1,0,1,101,0,0,0
35,24000235,3,4,1,12.6667,6,1020,1,1,0,1,101,0,0,0
35,24000235,6,1,1,10.3,6,1023,1,1,0,1,87,0,0,0
35,24000235,6,2,1,21.6,7,1190,1,1,0,1,101,0,0,0
35,24000235,6,3,1,10.3,6,1023,1,1,0,1,87,0,0,0
35,24000235,6,4,1,21.6,7,1190,1,1,0,1,101,0,0,0
35,24000235,9,1,1,14.2,7,1220,2,2,0,1,101,0,12,0
35,24000235,9,2,1,8,6,1000,2,2,0,1,85,0,4,0
35,24000235,9,3,1,8.13333,6,1000,2,2,0,1,85,0,8,0
35,24000235,12,1,1,8.13333,6,1000,2,2,0,1,85,0,8,0
35,24000235,12,2,1,8,6,1000,2,2,0,1,85,0,4,0
35,24000235,12,3,1,7.93333,6,950,2,2,0,1,61,0,40,0
35,24000335,3,1,1,7.83333,5,850,1,1,0,1,101,0,0,0
35,24000335,3,2,1,24.6,7,1190,1,1,0,1,85,0,0,0
35,24000335,3,3,1,7.83333,5,850,1,1,0,1,101,0,0,0
35,24000335,3,4,1,24.6,7,1190,1,1,0,1,85,0,0,0
35,24000335,6,1,1,9.7,6,1020,1,1,0,1,101,0,0,0
35,24000335,6,2,1,24.6,9,1530,1,1,0,1,85,0,0,0
35,24000335,6,3,1,9.7,6,1020,1,1,0,1,101,0,0,0
35,24000335,6,4,1,24.6,9,1530,1,1,0,1,85,0,0,0
35,24000335,9,1,1,15.4333,7,1120,2,2,0,1,101,0,18,0
35,24000335,9,2,1,8,6,1000,2,2,0,1,69,0,8,0
35,24000335,9,3,1,8,6,1000,2,2,0,1,69,0,14,0
35,24000335,12,1,1,8,6,1000,2,2,0,1,69,0,14,0
35,24000335,12,2,1,8,6,1000,2,2,0,1,69,0,8,0
35,24000335,12,3,1,13.3333,7,1200,2,2,0,1,62,0,56,0
35,24000435,3,1,1,7.9,5,850,1,1,0,1,101,0,0,0
35,24000435,3,2,1,22.2,7,1190,1,1,0,1,85,0,0,0
35,24000435,3,3,1,7.9,5,850,1,1,0,1,101,0,0,0
35,24000435,3,4,1,22.2,7,1190,1,1,0,1,85,0,0,0
35,24000435,6,1,1,9.66667,6,1020,1,1,0,1,101,0,0,0
35,24000435,6,2,1,21.6,7,1190,1,1,0,1,69,0,0,0
35,24000435,6,3,1,9.66667,6,1020,1,1,0,1,101,0,0,0
35,24000435,6,4,1,21.6,7,1190,1,1,0,1,69,0,0,0
35,24000435,9,1,1,17.9333,7,1070,2,2,0,1,101,0,15,0
35,24000435,9,2,1,8,6,1000,2,2,0,1,69,0,8,0
35,24000435,9,3,1,8,6,1000,2,2,0,1,69,0,11,0
35,24000435,12,1,1,8,6,1000,2,2,0,1,69,0,11,0
35,24000435,12,2,1,8,6,1000,2,2,0,1,69,0,8,0
35,24000435,12,3,1,21.1333,10,1800,2,2,0,1,80,0,55,0
35,24000535,3,1,1,7.7,5,850,1,1,0,1,87,0,0,0
35,24000535,3,2,1,15.1,6,1020,1,1,0,1,70,0,0,0
35,24000535,3,3,1,7.7,5,850,1,1,0,1,87,0,0,0
35,24000535,3,4,1,15.1,6,1020,1,1,0,1,70,0,0,0
35,24000535,6,1,1,9.8,6,1020,1,1,0,1,87,0,0,0
35,24000535,6,2,1,15.6,7,1190,1,1,0,1,101,0,0,0
35,24000535,6,3,1,9.8,6,1020,1,1,0,1,87,0,0,0
35,24000535,6,4,1,15.6,7,1190,1,1,0,1,101,0,0,0
35,24000535,9,1,1,13.2,7,1220,2,2,0,1,101,0,12,0
35,24000535,9,2,1,5.23333,5,780,2,2,0,1,101,0,6,0
35,24000535,9,3,1,7.33333,6,950,2,2,0,1,85,0,13,0
35,24000535,12,1,1,7.33333,6,950,2,2,0,1,85,0,13,0
35,24000535,12,2,1,5.23333,5,780,2,2,0,1,101,0,6,0
35,24000535,12,3,1,7.4,6,950,2,2,0,1,59,0,46,0
35,24000635,3,1,1,8.6,4,680,1,1,0,1,87,0,0,0
35,24000635,3,2,1,18.6,6,1020,1,1,0,1,101,0,0,0
35,24000635,3,3,1,8.6,4,680,1,1,0,1,87,0,0,0
35,24000635,3,4,1,18.6,6,1020,1,1,0,1,101,0,0,0
35,24000635,6,1,1,15.6,6,1021,1,1,0,1,73,0,0,0
35,24000635,6,2,1,18.6,6,1020,1,1,0,1,101,0,0,0
35,24000635,6,3,1,15.6,6,1021,1,1,0,1,73,0,0,0
35,24000635,6,4,1,18.6,6,1020,1,1,0,1,101,0,0,0
35,24000635,9,1,1,18.1,7,1120,2,2,0,1,85,0,23,0
35,24000635,9,2,1,14.5,6,1050,2,2,0,1,101,0,0,0
35,24000635,9,3,1,14.5,6,1050,2,2,0,1,101,0,9,0
35,24000635,12,1,1,14.5,6,1050,2,2,0,1,101,0,9,0
35,24000635,12,2,1,14.5,6,1050,2,2,0,1,101,0,0,0
35,24000635,12,3,1,15.7333,7,1170,2,2,0,1,4,0,40,0
35,24000735,3,1,1,7.66667,5,850,1,1,0,1,87,0,0,0
35,24000735,3,2,1,21.6,8,1360,1,1,0,1,69,0,0,0
35,24000735,3,3,1,7.66667,5,850,1,1,0,1,87,0,0,0
35,24000735,3,4,1,21.6,8,1360,1,1,0,1,69,0,0,0
35,24000735,6,1,1,9.76667,6,1020,1,1,0,1,101,0,0,0
35,24000735,6,2,1,12.6333,7,1190,1,1,0,1,101,0,0,0
35,24000735,6,3,1,9.76667,6,1020,1,1,0,1,101,0,0,0
35,24000735,6,4,1,12.6333,7,1190,1,1,0,1,101,0,0,0
35,24000735,9,1,1,13.1,8,1290,2,2,0,1,85,0,22,0
35,24000735,9,2,1,5.63333,5,780,2,2,0,1,101,0,4,0
35,24000735,9,3,1,8.1,6,1000,2,2,0,1,101,0,9,0
35,24000735,12,1,1,8.1,6,1000,2,2,0,1,101,0,9,0
35,24000735,12,2,1,5.63333,5,780,2,2,0,1,101,0,4,0
35,24000735,12,3,1,7.4,6,950,2,2,0,1,59,0,40,0
35,24000835,3,1,1,7.66667,5,850,1,1,0,1,87,0,0,0
35,24000835,3,2,1,18.6,8,1360,1,1,0,1,85,0,0,0
35,24000835,3,3,1,7.66667,5,850,1,1,0,1,87,0,0,0
35,24000835,3,4,1,18.6,8,1360,1,1,0,1,85,0,0,0
35,24000835,6,1,1,9.76667,6,1020,1,1,0,1,101,0,0,0
35,24000835,6,2,1,15.6,7,1190,1,1,0,1,101,0,0,0
35,24000835,6,3,1,9.76667,6,1020,1,1,0,1,101,0,0,0
35,24000835,6,4,1,15.6,7,1190,1,1,0,1,101,0,0,0
35,24000835,9,1,1,13.1,8,1290,2,2,0,1,85,0,22,0
35,24000835,9,2,1,5.63333,5,780,2,2,0,1,101,0,4,0
35,24000835,9,3,1,8.1,6,1000,2,2,0,1,101,0,8,0
35,24000835,12,1,1,8.1,6,1000,2,2,0,1,101,0,8,0
35,24000835,12,2,1,5.63333,5,780,2,2,0,1,101,0,4,0
35,24000835,12,3,1,7.4,6,950,2,2,0,1,59,0,40,0
35,24000935,3,1,1,7.66667,5,850,1,1,0,1,87,0,0,0
35,24000935,3,2,1,21.6,8,1360,1,1,0,1,53,0,0,0
35,24000935,3,3,1,7.66667,5,850,1,1,0,1,87,0,0,0
35,24000935,3,4,1,21.6,8,1360,1,1,0,1,53,0,0,0
35,24000935,6,1,1,9.76667,6,1020,1,1,0,1,101,0,0,0
35,24000935,6,2,1,17.3,7,1190,1,1,0,1,101,0,0,0
35,24000935,6,3,1,9.76667,6,1020,1,1,0,1,101,0,0,0
35,24000935,6,4,1,17.3,7,1190,1,1,0,1,101,0,0,0
35,24000935,9,1,1,15.6,8,1340,2,2,0,1,101,0,22,0
35,24000935,9,2,1,5.53333,5,780,2,2,0,1,85,0,4,0
35,24000935,9,3,1,8.1,6,1000,2,2,0,1,101,0,9,0
35,24000935,12,1,1,8.1,6,1000,2,2,0,1,101,0,9,0
35,24000935,12,2,1,5.53333,5,780,2,2,0,1,85,0,4,0
35,24000935,12,3,1,7.4,6,950,2,2,0,1,59,0,41,0
35,24001035,3,1,1,9.6,4,680,1,1,0,1,87,0,0,0
35,24001035,3,2,1,24.6,7,1190,1,1,0,1,85,0,0,0
35,24001035,3,3,1,9.6,4,680,1,1,0,1,87,0,0,0
35,24001035,3,4,1,24.6,7,1190,1,1,0,1,85,0,0,0
35,24001035,6,1,1,12.5333,6,1023,1,1,0,1,87,0,0,0
35,24001035,6,2,1,20.7,6,1020,1,1,0,1,101,0,0,0
35,24001035,6,3,1,12.5333,6,1023,1,1,0,1,87,0,0,0
35,24001035,6,4,1,20.7,6,1020,1,1,0,1,101,0,0,0
35,24001035,9,1,1,15.8,7,1170,2,2,0,1,85,0,23,0
35,24001035,9,2,1,14.5,6,1050,2,2,0,1,85,0,0,0
35,24001035,9,3,1,14.5,6,1050,2,2,0,1,85,0,9,0
35,24001035,12,1,1,14.5,6,1050,2,2,0,1,85,0,9,0
35,24001035,12,2,1,14.5,6,1050,2,2,0,1,85,0,0,0
35,24001035,12,3,0,17,7,1220,2,2,0,1,0,11,40,0
35,24001035,12,3,0,17,7,1220,2,2,0,1,0,11,40,0
35,24001035,12,3,0,17,7,1220,2,2,0,1,0,11,40,0
35,24001035,12,3,0,17,7,1220,2,2,0,1,0,11,40,0
35,24001035,12,3,0,17,7,1220,2,2,0,1,0,11,40,0
35,24001035,12,3,0,17,7,1220,2,2,0,1,0,11,40,0
35,24001035,12,3,0,17,7,1220,2,2,0,1,0,11,40,0
35,24001035,12,3,0,17,7,1220,2,2,0,1,0,11,40,0
35,24001035,12,3,0,17,7,1220,2,2,0,1,0,11,40,0
35,24001035,12,3,0,17,7,1220,2,2,0,1,0,11,40,0
35,24001035,12,3,0,17,7,1220,2,2,0,1,0,11,40,0
35,24001035,12,3,0,17,7,1220,2,2,0,1,0,11,40,0
35,24001035,12,3,0,17,7,1220,2,2,0,1,0,11,40,0
35,24001035,12,3,0,17,7,1220,2,2,0,1,0,11,40,0
35,24001135,3,1,1,9.56667,6,1020,1,1,0,1,73,0,0,0
35,24001135,3,2,1,14.6,7,1190,1,1,0,1,53,0,0,0
35,24001135,3,3,1,9.56667,6,1020,1,1,0,1,73,0,0,0
35,24001135,3,4,1,14.6,7,1190,1,1,0,1,53,0,0,0
35,24001135,6,1,1,12.4333,7,1190,1,1,0,1,73,0,0,0
35,24001135,6,2,1,19,8,1360,1,1,0,1,70,0,0,0
35,24001135,6,3,1,12.4333,7,1190,1,1,0,1,73,0,0,0
35,24001135,6,4,1,19,8,1360,1,1,0,1,70,0,0,0
35,24001135,9,1,1,14.6,8,1420,2,2,0,1,101,0,29,0
35,24001135,9,2,1,7.23333,6,950,2,2,0,1,85,0,5,0
35,24001135,9,3,1,7.23333,6,950,2,2,0,1,85,0,14,0
35,24001135,12,1,1,7.23333,6,950,2,2,0,1,85,0,14,0
35,24001135,12,2,1,7.23333,6,950,2,2,0,1,85,0,5,0
35,24001135,12,3,1,7.5,6,950,2,2,0,1,59,0,85,0
35,24001235,3,1,1,7.76667,5,850,1,1,0,1,101,0,0,0
35,24001235,3,2,1,12.2,6,1020,1,1,0,1,85,0,0,0
35,24001235,3,3,1,7.76667,5,850,1,1,0,1,101,0,0,0
35,24001235,3,4,1,12.2,6,1020,1,1,0,1,85,0,0,0
35,24001235,6,1,1,10.1,6,1020,1,1,0,1,101,0,0,0
35,24001235,6,2,1,14.2,7,1190,1,1,0,1,101,0,0,0
35,24001235,6,3,1,10.1,6,1020,1,1,0,1,101,0,0,0
35,24001235,6,4,1,14.2,7,1190,1,1,0,1,101,0,0,0
35,24001235,9,1,1,10.7333,7,1170,2,2,0,1,101,0,21,0
35,24001235,9,2,1,5.63333,5,780,2,2,0,1,101,0,5,0
35,24001235,9,3,1,7.73333,6,950,2,2,0,1,85,0,9,0
35,24001235,12,1,1,7.73333,6,950,2,2,0,1,85,0,9,0
35,24001235,12,2,1,5.63333,5,780,2,2,0,1,101,0,5,0
35,24001235,12,3,1,7.4,6,950,2,2,0,1,59,0,40,0
35,24001335,3,1,1,7.56667,5,850,1,1,0,1,73,0,0,0
35,24001335,3,2,1,18.6,7,1190,1,1,0,1,69,0,0,0
35,24001335,3,3,1,7.56667,5,850,1,1,0,1,73,0,0,0
35,24001335,3,4,1,18.6,7,1190,1,1,0,1,69,0,0,0
35,24001335,6,1,1,9.66667,6,1020,1,1,0,1,87,0,0,0
35,24001335,6,2,1,21.6,8,1360,1,1,0,1,85,0,0,0
35,24001335,6,3,1,9.66667,6,1020,1,1,0,1,87,0,0,0
35,24001335,6,4,1,21.6,8,1360,1,1,0,1,85,0,0,0
35,24001335,9,1,1,11.5,7,1170,2,2,0,1,101,0,25,0
35,24001335,9,2,1,5.53333,5,780,2,2,0,1,85,0,8,0
35,24001335,9,3,1,7.33333,6,950,2,2,0,1,85,0,15,0
35,24001335,12,1,1,7.33333,6,950,2,2,0,1,85,0,15,0
35,24001335,12,2,1,5.53333,5,780,2,2,0,1,85,0,8,0
35,24001335,12,3,1,10.3333,7,1100,2,2,0,1,80,0,48,0
35,24001435,3,1,1,7.66667,5,850,1,1,0,1,87,0,0,0
35,24001435,3,2,1,21.6,8,1360,1,1,0,1,69,0,0,0
35,24001435,3,3,1,7.66667,5,850,1,1,0,1,87,0,0,0
35,24001435,3,4,1,21.6,8,1360,1,1,0,1,69,0,0,0
35,24001435,6,1,1,9.76667,6,1020,1,1,0,1,101,0,0,0
35,24001435,6,2,1,15.6,7,1190,1,1,0,1,101,0,0,0
35,24001435,6,3,1,9.76667,6,1020,1,1,0,1,101,0,0,0
35,24001435,6,4,1,15.6,7,1190,1,1,0,1,101,0,0,0
35,24001435,9,1,1,15.6,8,1340,2,2,0,1,101,0,22,0
35,24001435,9,2,1,5.43333,5,780,2,2,0,1,69,0,4,0
35,24001435,9,3,1,7.93333,6,1000,2,2,0,1,85,0,11,0
35,24001435,12,1,1,7.93333,6,1000,2,2,0,1,85,0,11,0
35,24001435,12,2,1,5.43333,5,780,2,2,0,1,69,0,4,0
35,24001435,12,3,1,7.4,6,950,2,2,0,1,59,0,41,0
35,24001535,3,1,1,7.9,5,850,1,1,0,1,101,0,0,0
35,24001535,3,2,1,21.6,7,1190,1,1,0,1,85,0,0,0
35,24001535,3,3,1,7.9,5,850,1,1,0,1,101,0,0,0
35,24001535,3,4,1,21.6,7,1190,1,1,0,1,85,0,0,0
35,24001535,6,1,1,9.66667,6,1020,1,1,0,1,101,0,0,0
35,24001535,6,2,1,24.6,8,1360,1,1,0,1,85,0,0,0
35,24001535,6,3,1,9.66667,6,1020,1,1,0,1,101,0,0,0
35,24001535,6,4,1,24.6,8,1360,1,1,0,1,85,0,0,0
35,24001535,9,1,1,18.2,7,1120,2,2,0,1,101,0,24,0
35,24001535,9,2,1,8.03333,6,1000,2,2,0,1,85,0,10,0
35,24001535,9,3,1,8,6,1000,2,2,0,1,69,0,13,0
35,24001535,12,1,1,8,6,1000,2,2,0,1,69,0,13,0
35,24001535,12,2,1,8.03333,6,1000,2,2,0,1,85,0,10,0
35,24001535,12,3,1,15.6,7,1250,2,2,0,1,52,0,56,0
35,24001635,3,1,1,7.9,5,850,1,1,0,1,101,0,0,0
35,24001635,3,2,1,21.6,8,1360,1,1,0,1,85,0,0,0
35,24001635,3,3,1,7.9,5,850,1,1,0,1,101,0,0,0
35,24001635,3,4,1,21.6,8,1360,1,1,0,1,85,0,0,0
35,24001635,6,1,1,9.66667,6,1020,1,1,0,1,101,0,0,0
35,24001635,6,2,1,21.6,7,1190,1,1,0,1,85,0,0,0
35,24001635,6,3,1,9.66667,6,1020,1,1,0,1,101,0,0,0
35,24001635,6,4,1,21.6,7,1190,1,1,0,1,85,0,0,0
35,24001635,9,1,1,15.6,8,1340,2,2,0,1,85,0,15,0
35,24001635,9,2,1,8,6,1000,2,2,0,1,69,0,8,0
35,24001635,9,3,1,8,6,1000,2,2,0,1,69,0,13,0
35,24001635,12,1,1,8,6,1000,2,2,0,1,69,0,13,0
35,24001635,12,2,1,8,6,1000,2,2,0,1,69,0,8,0
35,24001635,12,3,1,15.6,7,1250,2,2,0,1,70,0,58,0
35,24001735,3,1,1,7.7,5,850,1,1,0,1,87,0,0,0
35,24001735,3,2,1,18.6,7,1190,1,1,0,1,69,0,0,0
35,24001735,3,3,1,7.7,5,850,1,1,0,1,87,0,0,0
35,24001735,3,4,1,18.6,7,1190,1,1,0,1,69,0,0,0
35,24001735,6,1,1,12.6,7,1190,1,1,0,1,101,0,0,0
35,24001735,6,2,1,21.6,8,1360,1,1,0,1,69,0,0,0
35,24001735,6,3,1,12.6,7,1190,1,1,0,1,101,0,0,0
35,24001735,6,4,1,21.6,8,1360,1,1,0,1,69,0,0,0
35,24001735,9,1,1,13,7,1220,2,2,0,1,101,0,24,0
35,24001735,9,2,1,5.43333,5,780,2,2,0,1,85,0,7,0
35,24001735,9,3,1,8,6,1000,2,2,0,1,101,0,13,0
35,24001735,12,1,1,8,6,1000,2,2,0,1,101,0,13,0
35,24001735,12,2,1,5.43333,5,780,2,2,0,1,85,0,7,0
35,24001735,12,3,1,7.6,6,950,2,2,0,1,59,0,45,0
35,24001835,3,1,1,7.9,5,850,1,1,0,1,101,0,0,0
35,24001835,3,2,1,21.6,8,1360,1,1,0,1,85,0,0,0
35,24001835,3,3,1,7.9,5,850,1,1,0,1,101,0,0,0
35,24001835,3,4,1,21.6,8,1360,1,1,0,1,85,0,0,0
35,24001835,6,1,1,9.7,6,1020,1,1,0,1,101,0,0,0
35,24001835,6,2,1,21.6,7,1190,1,1,0,1,69,0,0,0
35,24001835,6,3,1,9.7,6,1020,1,1,0,1,101,0,0,0
35,24001835,6,4,1,21.6,7,1190,1,1,0,1,69,0,0,0
35,24001835,9,1,1,15.5,8,1290,2,2,0,1,69,0,15,0
35,24001835,9,2,1,8,6,1000,2,2,0,1,69,0,8,0
35,24001835,9,3,1,8,6,1000,2,2,0,1,69,0,13,0
35,24001835,12,1,1,8,6,1000,2,2,0,1,69,0,13,0
35,24001835,12,2,1,8,6,1000,2,2,0,1,69,0,8,0
35,24001835,12,3,1,15.6,7,1250,2,2,0,1,52,0,58,0
35,24001935,3,1,1,7.96667,5,850,1,1,0,1,101,0,0,0
35,24001935,3,2,1,20.5,7,1190,1,1,0,1,85,0,0,0
35,24001935,3,3,1,7.96667,5,850,1,1,0,1,101,0,0,0
35,24001935,3,4,1,20.5,7,1190,1,1,0,1,85,0,0,0
35,24001935,6,1,1,12.6333,6,1023,1,1,0,1,101,0,0,0
35,24001935,6,2,1,30.6,8,1360,1,1,0,1,85,0,0,0
35,24001935,6,3,1,12.6333,6,1023,1,1,0,1,101,0,0,0
35,24001935,6,4,1,30.6,8,1360,1,1,0,1,85,0,0,0
35,24001935,9,1,1,19.7,7,1170,2,2,0,1,101,0,23,0
35,24001935,9,2,1,8,6,1000,2,2,0,1,85,0,10,0
35,24001935,9,3,1,8,6,1000,2,2,0,1,85,0,13,0
35,24001935,12,1,1,8,6,1000,2,2,0,1,85,0,13,0
35,24001935,12,2,1,8,6,1000,2,2,0,1,85,0,10,0
35,24001935,12,3,1,13.2667,6,1050,2,2,0,1,44,0,58,0
35,24002035,3,1,1,7.5,5,850,1,1,0,1,73,0,0,0
35,24002035,3,2,1,16,7,1190,1,1,0,1,70,0,0,0
35,24002035,3,3,1,7.5,5,850,1,1,0,1,73,0,0,0
35,24002035,3,4,1,16,7,1190,1,1,0,1,70,0,0,0
35,24002035,6,1,1,12.4,7,1190,1,1,0,1,73,0,0,0
35,24002035,6,2,1,18.2,8,1360,1,1,0,1,53,0,0,0
35,24002035,6,3,1,12.4,7,1190,1,1,0,1,73,0,0,0
35,24002035,6,4,1,18.2,8,1360,1,1,0,1,53,0,0,0
35,24002035,9,1,1,17.2,9,1560,2,2,0,1,101,0,29,0
35,24002035,9,2,1,7.23333,6,950,2,2,0,1,85,0,4,0
35,24002035,9,3,1,7.23333,6,950,2,2,0,1,85,0,13,0
35,24002035,12,1,1,7.23333,6,950,2,2,0,1,85,0,13,0
35,24002035,12,2,1,7.23333,6,950,2,2,0,1,85,0,4,0
35,24002035,12,3,1,7.6,6,950,2,2,0,1,59,0,86,0
35,24002135,3,1,1,8.6,5,850,1,1,0,1,101,0,0,0
35,24002135,3,2,1,11.8,6,1020,1,1,0,1,101,0,0,0
35,24002135,3,3,1,8.6,5,850,1,1,0,1,101,0,0,0
35,24002135,3,4,1,11.8,6,1020,1,1,0,1,101,0,0,0
35,24002135,6,1,1,10.4,6,1020,1,1,0,1,87,0,0,0
35,24002135,6,2,1,18.6,8,1360,1,1,0,1,101,0,0,0
35,24002135,6,3,1,10.4,6,1020,1,1,0,1,87,0,0,0
35,24002135,6,4,1,18.6,8,1360,1,1,0,1,101,0,0,0
35,24002135,9,1,1,20.4333,9,1360,2,2,0,1,101,0,12,0
35,24002135,9,2,1,5.43333,5,780,2,2,0,1,101,0,5,0
35,24002135,9,3,1,7.73333,6,950,2,2,0,1,85,0,7,0
35,24002135,12,1,1,7.73333,6,950,2,2,0,1,85,0,7,0
35,24002135,12,2,1,5.43333,5,780,2,2,0,1,101,0,5,0
35,24002135,12,3,1,7.4,6,950,2,2,0,1,59,0,40,0
35,24002235,3,1,1,7.7,5,850,1,1,0,1,87,0,0,0
35,24002235,3,2,1,15.1,6,1020,1,1,0,1,70,0,0,0
35,24002235,3,3,1,7.7,5,850,1,1,0,1,87,0,0,0
35,24002235,3,4,1,15.1,6,1020,1,1,0,1,70,0,0,0
35,24002235,6,1,1,9.8,6,1020,1,1,0,1,87,0,0,0
35,24002235,6,2,1,18.3,7,1190,1,1,0,1,101,0,0,0
35,24002235,6,3,1,9.8,6,1020,1,1,0,1,87,0,0,0
35,24002235,6,4,1,18.3,7,1190,1,1,0,1,101,0,0,0
35,24002235,9,1,1,13.1,7,1220,2,2,0,1,101,0,12,0
35,24002235,9,2,1,5.43333,5,780,2,2,0,1,85,0,9,0
35,24002235,9,3,1,7.33333,6,950,2,2,0,1,85,0,13,0
35,24002235,12,1,1,7.33333,6,950,2,2,0,1,85,0,13,0
35,24002235,12,2,1,5.43333,5,780,2,2,0,1,85,0,9,0
35,24002235,12,3,1,7.5,6,950,2,2,0,1,59,0,47,0
35,24002335,3,1,1,7.9,5,850,1,1,0,1,101,0,0,0
35,24002335,3,2,1,21.6,8,1360,1,1,0,1,85,0,0,0
35,24002335,3,3,1,7.9,5,850,1,1,0,1,101,0,0,0
35,24002335,3,4,1,21.6,8,1360,1,1,0,1,85,0,0,0
35,24002335,6,1,1,9.66667,6,1020,1,1,0,1,101,0,0,0
35,24002335,6,2,1,24.6,7,1190,1,1,0,1,85,0,0,0
35,24002335,6,3,1,9.66667,6,1020,1,1,0,1,101,0,0,0
35,24002335,6,4,1,24.6,7,1190,1,1,0,1,85,0,0,0
35,24002335,9,1,1,17.9333,7,1070,2,2,0,1,101,0,14,0
35,24002335,9,2,1,8,6,1000,2,2,0,1,69,0,8,0
35,24002335,9,3,1,8,6,1000,2,2,0,1,69,0,13,0
35,24002335,12,1,1,8,6,1000,2,2,0,1,69,0,13,0
35,24002335,12,2,1,8,6,1000,2,2,0,1,69,0,8,0
35,24002335,12,3,1,15.3,7,1250,2,2,0,1,60,0,57,0
