starter,seed,site,lesson,won,seconds,casts,energy_spent,own_rank,foe_rank,locked_casts,reason,own_hp,foe_hp,own_control,foe_control,keeper_calls,damage_taken
0,24000000,3,1,1,14.2333,9,1080,1,1,0,1,80,0,0,0,0,70
0,24000000,3,2,1,7.93333,5,600,1,1,0,1,85,0,0,0,0,28
0,24000000,3,3,1,14.2333,9,1080,1,1,0,1,57,0,0,0,0,56
0,24000000,3,4,1,10.9333,7,840,1,1,0,1,57,0,0,0,0,56
0,24000000,6,1,1,9.53333,7,840,1,1,0,1,81,0,0,0,0,32
0,24000000,6,2,1,9.73333,7,840,1,1,0,1,81,0,0,0,0,32
0,24000000,6,3,1,9.73333,7,840,1,1,0,1,81,0,0,0,0,32
0,24000000,6,4,1,9.53333,7,840,1,1,0,1,81,0,0,0,0,32
0,24000000,9,1,1,7.1,5,850,2,2,0,1,85,0,0,11,0,28
0,24000000,9,2,1,7.23333,5,850,2,2,0,1,85,0,0,22,0,28
0,24000000,9,3,1,7.23333,5,850,2,2,0,1,85,0,0,22,0,28
0,24000000,12,1,1,8.66667,6,1020,2,2,0,1,113,0,0,0,0,0
0,24000000,12,2,1,8.8,6,1020,2,2,0,1,113,0,0,0,0,0
0,24000000,12,3,1,8.8,6,1020,2,2,0,1,113,0,0,0,0,0
0,24000000,16,0,1,8.3,6,1020,2,2,0,1,97,0,0,0,0,16
0,24000100,3,1,1,14.2333,9,1080,1,1,0,1,80,0,0,0,0,70
0,24000100,3,2,1,7.93333,5,600,1,1,0,1,85,0,0,0,0,28
0,24000100,3,3,1,14.2333,9,1080,1,1,0,1,57,0,0,0,0,56
0,24000100,3,4,1,10.9333,7,840,1,1,0,1,57,0,0,0,0,56
0,24000100,6,1,1,9.53333,7,840,1,1,0,1,81,0,0,0,0,32
0,24000100,6,2,1,9.73333,7,840,1,1,0,1,81,0,0,0,0,32
0,24000100,6,3,1,9.73333,7,840,1,1,0,1,81,0,0,0,0,32
0,24000100,6,4,1,9.53333,7,840,1,1,0,1,81,0,0,0,0,32
0,24000100,9,1,1,7.1,5,850,2,2,0,1,85,0,0,11,0,28
0,24000100,9,2,1,7.23333,5,850,2,2,0,1,85,0,0,22,0,28
0,24000100,9,3,1,7.23333,5,850,2,2,0,1,85,0,0,22,0,28
0,24000100,12,1,1,8.66667,6,1020,2,2,0,1,113,0,0,0,0,0
0,24000100,12,2,1,8.8,6,1020,2,2,0,1,113,0,0,0,0,0
0,24000100,12,3,1,8.8,6,1020,2,2,0,1,113,0,0,0,0,0
0,24000100,16,0,1,8.3,6,1020,2,2,0,1,97,0,0,0,0,16
0,24000200,3,1,1,14.2333,9,1080,1,1,0,1,80,0,0,0,0,70
0,24000200,3,2,1,7.93333,5,600,1,1,0,1,85,0,0,0,0,28
0,24000200,3,3,1,14.2333,9,1080,1,1,0,1,57,0,0,0,0,56
0,24000200,3,4,1,10.9333,7,840,1,1,0,1,57,0,0,0,0,56
0,24000200,6,1,1,9.53333,7,840,1,1,0,1,81,0,0,0,0,32
0,24000200,6,2,1,9.73333,7,840,1,1,0,1,81,0,0,0,0,32
0,24000200,6,3,1,9.73333,7,840,1,1,0,1,81,0,0,0,0,32
0,24000200,6,4,1,9.53333,7,840,1,1,0,1,81,0,0,0,0,32
0,24000200,9,1,1,7.1,5,850,2,2,0,1,85,0,0,11,0,28
0,24000200,9,2,1,7.23333,5,850,2,2,0,1,85,0,0,22,0,28
0,24000200,9,3,1,7.23333,5,850,2,2,0,1,85,0,0,22,0,28
0,24000200,12,1,1,8.66667,6,1020,2,2,0,1,113,0,0,0,0,0
0,24000200,12,2,1,8.8,6,1020,2,2,0,1,113,0,0,0,0,0
0,24000200,12,3,1,8.8,6,1020,2,2,0,1,113,0,0,0,0,0
0,24000200,16,0,1,8.3,6,1020,2,2,0,1,97,0,0,0,0,16
0,24000300,3,1,1,14.2333,9,1080,1,1,0,1,80,0,0,0,0,70
0,24000300,3,2,1,7.93333,5,600,1,1,0,1,85,0,0,0,0,28
0,24000300,3,3,1,14.2333,9,1080,1,1,0,1,57,0,0,0,0,56
0,24000300,3,4,1,10.9333,7,840,1,1,0,1,57,0,0,0,0,56
0,24000300,6,1,1,9.53333,7,840,1,1,0,1,81,0,0,0,0,32
0,24000300,6,2,1,9.73333,7,840,1,1,0,1,81,0,0,0,0,32
0,24000300,6,3,1,9.73333,7,840,1,1,0,1,81,0,0,0,0,32
0,24000300,6,4,1,9.53333,7,840,1,1,0,1,81,0,0,0,0,32
0,24000300,9,1,1,7.1,5,850,2,2,0,1,85,0,0,11,0,28
0,24000300,9,2,1,7.23333,5,850,2,2,0,1,85,0,0,22,0,28
0,24000300,9,3,1,7.23333,5,850,2,2,0,1,85,0,0,22,0,28
0,24000300,12,1,1,8.66667,6,1020,2,2,0,1,113,0,0,0,0,0
0,24000300,12,2,1,8.8,6,1020,2,2,0,1,113,0,0,0,0,0
0,24000300,12,3,1,8.8,6,1020,2,2,0,1,113,0,0,0,0,0
0,24000300,16,0,1,8.3,6,1020,2,2,0,1,97,0,0,0,0,16
0,24000400,3,1,1,14.2333,9,1080,1,1,0,1,80,0,0,0,0,70
0,24000400,3,2,1,7.93333,5,600,1,1,0,1,85,0,0,0,0,28
0,24000400,3,3,1,14.2333,9,1080,1,1,0,1,57,0,0,0,0,56
0,24000400,3,4,1,10.9333,7,840,1,1,0,1,57,0,0,0,0,56
0,24000400,6,1,1,9.53333,7,840,1,1,0,1,81,0,0,0,0,32
0,24000400,6,2,1,9.73333,7,840,1,1,0,1,81,0,0,0,0,32
0,24000400,6,3,1,9.73333,7,840,1,1,0,1,81,0,0,0,0,32
0,24000400,6,4,1,9.53333,7,840,1,1,0,1,81,0,0,0,0,32
0,24000400,9,1,1,7.1,5,850,2,2,0,1,85,0,0,11,0,28
0,24000400,9,2,1,7.23333,5,850,2,2,0,1,85,0,0,22,0,28
0,24000400,9,3,1,7.23333,5,850,2,2,0,1,85,0,0,22,0,28
0,24000400,12,1,1,8.66667,6,1020,2,2,0,1,113,0,0,0,0,0
0,24000400,12,2,1,8.8,6,1020,2,2,0,1,113,0,0,0,0,0
0,24000400,12,3,1,8.8,6,1020,2,2,0,1,113,0,0,0,0,0
0,24000400,16,0,1,8.3,6,1020,2,2,0,1,97,0,0,0,0,16
0,24000500,3,1,1,14.2333,9,1080,1,1,0,1,80,0,0,0,0,70
0,24000500,3,2,1,7.93333,5,600,1,1,0,1,85,0,0,0,0,28
0,24000500,3,3,1,14.2333,9,1080,1,1,0,1,57,0,0,0,0,56
0,24000500,3,4,1,10.9333,7,840,1,1,0,1,57,0,0,0,0,56
0,24000500,6,1,1,9.53333,7,840,1,1,0,1,81,0,0,0,0,32
0,24000500,6,2,1,9.73333,7,840,1,1,0,1,81,0,0,0,0,32
0,24000500,6,3,1,9.73333,7,840,1,1,0,1,81,0,0,0,0,32
0,24000500,6,4,1,9.53333,7,840,1,1,0,1,81,0,0,0,0,32
0,24000500,9,1,1,7.1,5,850,2,2,0,1,85,0,0,11,0,28
0,24000500,9,2,1,7.23333,5,850,2,2,0,1,85,0,0,22,0,28
0,24000500,9,3,1,7.23333,5,850,2,2,0,1,85,0,0,22,0,28
0,24000500,12,1,1,8.66667,6,1020,2,2,0,1,113,0,0,0,0,0
0,24000500,12,2,1,8.8,6,1020,2,2,0,1,113,0,0,0,0,0
0,24000500,12,3,1,8.8,6,1020,2,2,0,1,113,0,0,0,0,0
0,24000500,16,0,1,8.3,6,1020,2,2,0,1,97,0,0,0,0,16
0,24000600,3,1,1,14.2333,9,1080,1,1,0,1,80,0,0,0,0,70
0,24000600,3,2,1,7.93333,5,600,1,1,0,1,85,0,0,0,0,28
0,24000600,3,3,1,14.2333,9,1080,1,1,0,1,57,0,0,0,0,56
0,24000600,3,4,1,10.9333,7,840,1,1,0,1,57,0,0,0,0,56
0,24000600,6,1,1,9.53333,7,840,1,1,0,1,81,0,0,0,0,32
0,24000600,6,2,1,9.73333,7,840,1,1,0,1,81,0,0,0,0,32
0,24000600,6,3,1,9.73333,7,840,1,1,0,1,81,0,0,0,0,32
0,24000600,6,4,1,9.53333,7,840,1,1,0,1,81,0,0,0,0,32
0,24000600,9,1,1,7.1,5,850,2,2,0,1,85,0,0,11,0,28
0,24000600,9,2,1,7.23333,5,850,2,2,0,1,85,0,0,22,0,28
0,24000600,9,3,1,7.23333,5,850,2,2,0,1,85,0,0,22,0,28
0,24000600,12,1,1,8.66667,6,1020,2,2,0,1,113,0,0,0,0,0
0,24000600,12,2,1,8.8,6,1020,2,2,0,1,113,0,0,0,0,0
0,24000600,12,3,1,8.8,6,1020,2,2,0,1,113,0,0,0,0,0
0,24000600,16,0,1,8.3,6,1020,2,2,0,1,97,0,0,0,0,16
0,24000700,3,1,1,14.2333,9,1080,1,1,0,1,80,0,0,0,0,70
0,24000700,3,2,1,7.93333,5,600,1,1,0,1,85,0,0,0,0,28
0,24000700,3,3,1,14.2333,9,1080,1,1,0,1,57,0,0,0,0,56
0,24000700,3,4,1,10.9333,7,840,1,1,0,1,57,0,0,0,0,56
0,24000700,6,1,1,9.53333,7,840,1,1,0,1,81,0,0,0,0,32
0,24000700,6,2,1,9.73333,7,840,1,1,0,1,81,0,0,0,0,32
0,24000700,6,3,1,9.73333,7,840,1,1,0,1,81,0,0,0,0,32
0,24000700,6,4,1,9.53333,7,840,1,1,0,1,81,0,0,0,0,32
0,24000700,9,1,1,7.1,5,850,2,2,0,1,85,0,0,11,0,28
0,24000700,9,2,1,7.23333,5,850,2,2,0,1,85,0,0,22,0,28
0,24000700,9,3,1,7.23333,5,850,2,2,0,1,85,0,0,22,0,28
0,24000700,12,1,1,8.66667,6,1020,2,2,0,1,113,0,0,0,0,0
0,24000700,12,2,1,8.8,6,1020,2,2,0,1,113,0,0,0,0,0
0,24000700,12,3,1,8.8,6,1020,2,2,0,1,113,0,0,0,0,0
0,24000700,16,0,1,8.3,6,1020,2,2,0,1,97,0,0,0,0,16
0,24000800,3,1,1,14.2333,9,1080,1,1,0,1,80,0,0,0,0,70
0,24000800,3,2,1,7.93333,5,600,1,1,0,1,85,0,0,0,0,28
0,24000800,3,3,1,14.2333,9,1080,1,1,0,1,57,0,0,0,0,56
0,24000800,3,4,1,10.9333,7,840,1,1,0,1,57,0,0,0,0,56
0,24000800,6,1,1,9.53333,7,840,1,1,0,1,81,0,0,0,0,32
0,24000800,6,2,1,9.73333,7,840,1,1,0,1,81,0,0,0,0,32
0,24000800,6,3,1,9.73333,7,840,1,1,0,1,81,0,0,0,0,32
0,24000800,6,4,1,9.53333,7,840,1,1,0,1,81,0,0,0,0,32
0,24000800,9,1,1,7.1,5,850,2,2,0,1,85,0,0,11,0,28
0,24000800,9,2,1,7.23333,5,850,2,2,0,1,85,0,0,22,0,28
0,24000800,9,3,1,7.23333,5,850,2,2,0,1,85,0,0,22,0,28
0,24000800,12,1,1,8.66667,6,1020,2,2,0,1,113,0,0,0,0,0
0,24000800,12,2,1,8.8,6,1020,2,2,0,1,113,0,0,0,0,0
0,24000800,12,3,1,8.8,6,1020,2,2,0,1,113,0,0,0,0,0
0,24000800,16,0,1,8.3,6,1020,2,2,0,1,97,0,0,0,0,16
0,24000900,3,1,1,14.2333,9,1080,1,1,0,1,80,0,0,0,0,70
0,24000900,3,2,1,7.93333,5,600,1,1,0,1,85,0,0,0,0,28
0,24000900,3,3,1,14.2333,9,1080,1,1,0,1,57,0,0,0,0,56
0,24000900,3,4,1,10.9333,7,840,1,1,0,1,57,0,0,0,0,56
0,24000900,6,1,1,9.53333,7,840,1,1,0,1,81,0,0,0,0,32
0,24000900,6,2,1,9.73333,7,840,1,1,0,1,81,0,0,0,0,32
0,24000900,6,3,1,9.73333,7,840,1,1,0,1,81,0,0,0,0,32
0,24000900,6,4,1,9.53333,7,840,1,1,0,1,81,0,0,0,0,32
0,24000900,9,1,1,7.1,5,850,2,2,0,1,85,0,0,11,0,28
0,24000900,9,2,1,7.23333,5,850,2,2,0,1,85,0,0,22,0,28
0,24000900,9,3,1,7.23333,5,850,2,2,0,1,85,0,0,22,0,28
0,24000900,12,1,1,8.66667,6,1020,2,2,0,1,113,0,0,0,0,0
0,24000900,12,2,1,8.8,6,1020,2,2,0,1,113,0,0,0,0,0
0,24000900,12,3,1,8.8,6,1020,2,2,0,1,113,0,0,0,0,0
0,24000900,16,0,1,8.3,6,1020,2,2,0,1,97,0,0,0,0,16
0,24001000,3,1,1,14.2333,9,1080,1,1,0,1,80,0,0,0,0,70
0,24001000,3,2,1,7.93333,5,600,1,1,0,1,85,0,0,0,0,28
0,24001000,3,3,1,14.2333,9,1080,1,1,0,1,57,0,0,0,0,56
0,24001000,3,4,1,10.9333,7,840,1,1,0,1,57,0,0,0,0,56
0,24001000,6,1,1,9.53333,7,840,1,1,0,1,81,0,0,0,0,32
0,24001000,6,2,1,9.73333,7,840,1,1,0,1,81,0,0,0,0,32
0,24001000,6,3,1,9.73333,7,840,1,1,0,1,81,0,0,0,0,32
0,24001000,6,4,1,9.53333,7,840,1,1,0,1,81,0,0,0,0,32
0,24001000,9,1,1,7.1,5,850,2,2,0,1,85,0,0,11,0,28
0,24001000,9,2,1,7.23333,5,850,2,2,0,1,85,0,0,22,0,28
0,24001000,9,3,1,7.23333,5,850,2,2,0,1,85,0,0,22,0,28
0,24001000,12,1,1,8.66667,6,1020,2,2,0,1,113,0,0,0,0,0
0,24001000,12,2,1,8.8,6,1020,2,2,0,1,113,0,0,0,0,0
0,24001000,12,3,1,8.8,6,1020,2,2,0,1,113,0,0,0,0,0
0,24001000,16,0,1,8.3,6,1020,2,2,0,1,97,0,0,0,0,16
0,24001100,3,1,1,14.2333,9,1080,1,1,0,1,80,0,0,0,0,70
0,24001100,3,2,1,7.93333,5,600,1,1,0,1,85,0,0,0,0,28
0,24001100,3,3,1,14.2333,9,1080,1,1,0,1,57,0,0,0,0,56
0,24001100,3,4,1,10.9333,7,840,1,1,0,1,57,0,0,0,0,56
0,24001100,6,1,1,9.53333,7,840,1,1,0,1,81,0,0,0,0,32
0,24001100,6,2,1,9.73333,7,840,1,1,0,1,81,0,0,0,0,32
0,24001100,6,3,1,9.73333,7,840,1,1,0,1,81,0,0,0,0,32
0,24001100,6,4,1,9.53333,7,840,1,1,0,1,81,0,0,0,0,32
0,24001100,9,1,1,7.1,5,850,2,2,0,1,85,0,0,11,0,28
0,24001100,9,2,1,7.23333,5,850,2,2,0,1,85,0,0,22,0,28
0,24001100,9,3,1,7.23333,5,850,2,2,0,1,85,0,0,22,0,28
0,24001100,12,1,1,8.66667,6,1020,2,2,0,1,113,0,0,0,0,0
0,24001100,12,2,1,8.8,6,1020,2,2,0,1,113,0,0,0,0,0
0,24001100,12,3,1,8.8,6,1020,2,2,0,1,113,0,0,0,0,0
0,24001100,16,0,1,8.3,6,1020,2,2,0,1,97,0,0,0,0,16
0,24001200,3,1,1,14.2333,9,1080,1,1,0,1,80,0,0,0,0,70
0,24001200,3,2,1,7.93333,5,600,1,1,0,1,85,0,0,0,0,28
0,24001200,3,3,1,14.2333,9,1080,1,1,0,1,57,0,0,0,0,56
0,24001200,3,4,1,10.9333,7,840,1,1,0,1,57,0,0,0,0,56
0,24001200,6,1,1,9.53333,7,840,1,1,0,1,81,0,0,0,0,32
0,24001200,6,2,1,9.73333,7,840,1,1,0,1,81,0,0,0,0,32
0,24001200,6,3,1,9.73333,7,840,1,1,0,1,81,0,0,0,0,32
0,24001200,6,4,1,9.53333,7,840,1,1,0,1,81,0,0,0,0,32
0,24001200,9,1,1,7.1,5,850,2,2,0,1,85,0,0,11,0,28
0,24001200,9,2,1,7.23333,5,850,2,2,0,1,85,0,0,22,0,28
0,24001200,9,3,1,7.23333,5,850,2,2,0,1,85,0,0,22,0,28
0,24001200,12,1,1,8.66667,6,1020,2,2,0,1,113,0,0,0,0,0
0,24001200,12,2,1,8.8,6,1020,2,2,0,1,113,0,0,0,0,0
0,24001200,12,3,1,8.8,6,1020,2,2,0,1,113,0,0,0,0,0
0,24001200,16,0,1,8.3,6,1020,2,2,0,1,97,0,0,0,0,16
0,24001300,3,1,1,14.2333,9,1080,1,1,0,1,80,0,0,0,0,70
0,24001300,3,2,1,7.93333,5,600,1,1,0,1,85,0,0,0,0,28
0,24001300,3,3,1,14.2333,9,1080,1,1,0,1,57,0,0,0,0,56
0,24001300,3,4,1,10.9333,7,840,1,1,0,1,57,0,0,0,0,56
0,24001300,6,1,1,9.53333,7,840,1,1,0,1,81,0,0,0,0,32
0,24001300,6,2,1,9.73333,7,840,1,1,0,1,81,0,0,0,0,32
0,24001300,6,3,1,9.73333,7,840,1,1,0,1,81,0,0,0,0,32
0,24001300,6,4,1,9.53333,7,840,1,1,0,1,81,0,0,0,0,32
0,24001300,9,1,1,7.1,5,850,2,2,0,1,85,0,0,11,0,28
0,24001300,9,2,1,7.23333,5,850,2,2,0,1,85,0,0,22,0,28
0,24001300,9,3,1,7.23333,5,850,2,2,0,1,85,0,0,22,0,28
0,24001300,12,1,1,8.66667,6,1020,2,2,0,1,113,0,0,0,0,0
0,24001300,12,2,1,8.8,6,1020,2,2,0,1,113,0,0,0,0,0
0,24001300,12,3,1,8.8,6,1020,2,2,0,1,113,0,0,0,0,0
0,24001300,16,0,1,8.3,6,1020,2,2,0,1,97,0,0,0,0,16
0,24001400,3,1,1,14.2333,9,1080,1,1,0,1,80,0,0,0,0,70
0,24001400,3,2,1,7.93333,5,600,1,1,0,1,85,0,0,0,0,28
0,24001400,3,3,1,14.2333,9,1080,1,1,0,1,57,0,0,0,0,56
0,24001400,3,4,1,10.9333,7,840,1,1,0,1,57,0,0,0,0,56
0,24001400,6,1,1,9.53333,7,840,1,1,0,1,81,0,0,0,0,32
0,24001400,6,2,1,9.73333,7,840,1,1,0,1,81,0,0,0,0,32
0,24001400,6,3,1,9.73333,7,840,1,1,0,1,81,0,0,0,0,32
0,24001400,6,4,1,9.53333,7,840,1,1,0,1,81,0,0,0,0,32
0,24001400,9,1,1,7.1,5,850,2,2,0,1,85,0,0,11,0,28
0,24001400,9,2,1,7.23333,5,850,2,2,0,1,85,0,0,22,0,28
0,24001400,9,3,1,7.23333,5,850,2,2,0,1,85,0,0,22,0,28
0,24001400,12,1,1,8.66667,6,1020,2,2,0,1,113,0,0,0,0,0
0,24001400,12,2,1,8.8,6,1020,2,2,0,1,113,0,0,0,0,0
0,24001400,12,3,1,8.8,6,1020,2,2,0,1,113,0,0,0,0,0
0,24001400,16,0,1,8.3,6,1020,2,2,0,1,97,0,0,0,0,16
0,24001500,3,1,1,14.2333,9,1080,1,1,0,1,80,0,0,0,0,70
0,24001500,3,2,1,7.93333,5,600,1,1,0,1,85,0,0,0,0,28
0,24001500,3,3,1,14.2333,9,1080,1,1,0,1,57,0,0,0,0,56
0,24001500,3,4,1,10.9333,7,840,1,1,0,1,57,0,0,0,0,56
0,24001500,6,1,1,9.53333,7,840,1,1,0,1,81,0,0,0,0,32
0,24001500,6,2,1,9.73333,7,840,1,1,0,1,81,0,0,0,0,32
0,24001500,6,3,1,9.73333,7,840,1,1,0,1,81,0,0,0,0,32
0,24001500,6,4,1,9.53333,7,840,1,1,0,1,81,0,0,0,0,32
0,24001500,9,1,1,7.1,5,850,2,2,0,1,85,0,0,11,0,28
0,24001500,9,2,1,7.23333,5,850,2,2,0,1,85,0,0,22,0,28
0,24001500,9,3,1,7.23333,5,850,2,2,0,1,85,0,0,22,0,28
0,24001500,12,1,1,8.66667,6,1020,2,2,0,1,113,0,0,0,0,0
0,24001500,12,2,1,8.8,6,1020,2,2,0,1,113,0,0,0,0,0
0,24001500,12,3,1,8.8,6,1020,2,2,0,1,113,0,0,0,0,0
0,24001500,16,0,1,8.3,6,1020,2,2,0,1,97,0,0,0,0,16
0,24001600,3,1,1,14.2333,9,1080,1,1,0,1,80,0,0,0,0,70
0,24001600,3,2,1,7.93333,5,600,1,1,0,1,85,0,0,0,0,28
0,24001600,3,3,1,14.2333,9,1080,1,1,0,1,57,0,0,0,0,56
0,24001600,3,4,1,10.9333,7,840,1,1,0,1,57,0,0,0,0,56
0,24001600,6,1,1,9.53333,7,840,1,1,0,1,81,0,0,0,0,32
0,24001600,6,2,1,9.73333,7,840,1,1,0,1,81,0,0,0,0,32
0,24001600,6,3,1,9.73333,7,840,1,1,0,1,81,0,0,0,0,32
0,24001600,6,4,1,9.53333,7,840,1,1,0,1,81,0,0,0,0,32
0,24001600,9,1,1,7.1,5,850,2,2,0,1,85,0,0,11,0,28
0,24001600,9,2,1,7.23333,5,850,2,2,0,1,85,0,0,22,0,28
0,24001600,9,3,1,7.23333,5,850,2,2,0,1,85,0,0,22,0,28
0,24001600,12,1,1,8.66667,6,1020,2,2,0,1,113,0,0,0,0,0
0,24001600,12,2,1,8.8,6,1020,2,2,0,1,113,0,0,0,0,0
0,24001600,12,3,1,8.8,6,1020,2,2,0,1,113,0,0,0,0,0
0,24001600,16,0,1,8.3,6,1020,2,2,0,1,97,0,0,0,0,16
0,24001700,3,1,1,14.2333,9,1080,1,1,0,1,80,0,0,0,0,70
0,24001700,3,2,1,7.93333,5,600,1,1,0,1,85,0,0,0,0,28
0,24001700,3,3,1,14.2333,9,1080,1,1,0,1,57,0,0,0,0,56
0,24001700,3,4,1,10.9333,7,840,1,1,0,1,57,0,0,0,0,56
0,24001700,6,1,1,9.53333,7,840,1,1,0,1,81,0,0,0,0,32
0,24001700,6,2,1,9.73333,7,840,1,1,0,1,81,0,0,0,0,32
0,24001700,6,3,1,9.73333,7,840,1,1,0,1,81,0,0,0,0,32
0,24001700,6,4,1,9.53333,7,840,1,1,0,1,81,0,0,0,0,32
0,24001700,9,1,1,7.1,5,850,2,2,0,1,85,0,0,11,0,28
0,24001700,9,2,1,7.23333,5,850,2,2,0,1,85,0,0,22,0,28
0,24001700,9,3,1,7.23333,5,850,2,2,0,1,85,0,0,22,0,28
0,24001700,12,1,1,8.66667,6,1020,2,2,0,1,113,0,0,0,0,0
0,24001700,12,2,1,8.8,6,1020,2,2,0,1,113,0,0,0,0,0
0,24001700,12,3,1,8.8,6,1020,2,2,0,1,113,0,0,0,0,0
0,24001700,16,0,1,8.3,6,1020,2,2,0,1,97,0,0,0,0,16
0,24001800,3,1,1,14.2333,9,1080,1,1,0,1,80,0,0,0,0,70
0,24001800,3,2,1,7.93333,5,600,1,1,0,1,85,0,0,0,0,28
0,24001800,3,3,1,14.2333,9,1080,1,1,0,1,57,0,0,0,0,56
0,24001800,3,4,1,10.9333,7,840,1,1,0,1,57,0,0,0,0,56
0,24001800,6,1,1,9.53333,7,840,1,1,0,1,81,0,0,0,0,32
0,24001800,6,2,1,9.73333,7,840,1,1,0,1,81,0,0,0,0,32
0,24001800,6,3,1,9.73333,7,840,1,1,0,1,81,0,0,0,0,32
0,24001800,6,4,1,9.53333,7,840,1,1,0,1,81,0,0,0,0,32
0,24001800,9,1,1,7.1,5,850,2,2,0,1,85,0,0,11,0,28
0,24001800,9,2,1,7.23333,5,850,2,2,0,1,85,0,0,22,0,28
0,24001800,9,3,1,7.23333,5,850,2,2,0,1,85,0,0,22,0,28
0,24001800,12,1,1,8.66667,6,1020,2,2,0,1,113,0,0,0,0,0
0,24001800,12,2,1,8.8,6,1020,2,2,0,1,113,0,0,0,0,0
0,24001800,12,3,1,8.8,6,1020,2,2,0,1,113,0,0,0,0,0
0,24001800,16,0,1,8.3,6,1020,2,2,0,1,97,0,0,0,0,16
0,24001900,3,1,1,14.2333,9,1080,1,1,0,1,80,0,0,0,0,70
0,24001900,3,2,1,7.93333,5,600,1,1,0,1,85,0,0,0,0,28
0,24001900,3,3,1,14.2333,9,1080,1,1,0,1,57,0,0,0,0,56
0,24001900,3,4,1,10.9333,7,840,1,1,0,1,57,0,0,0,0,56
0,24001900,6,1,1,9.53333,7,840,1,1,0,1,81,0,0,0,0,32
0,24001900,6,2,1,9.73333,7,840,1,1,0,1,81,0,0,0,0,32
0,24001900,6,3,1,9.73333,7,840,1,1,0,1,81,0,0,0,0,32
0,24001900,6,4,1,9.53333,7,840,1,1,0,1,81,0,0,0,0,32
0,24001900,9,1,1,7.1,5,850,2,2,0,1,85,0,0,11,0,28
0,24001900,9,2,1,7.23333,5,850,2,2,0,1,85,0,0,22,0,28
0,24001900,9,3,1,7.23333,5,850,2,2,0,1,85,0,0,22,0,28
0,24001900,12,1,1,8.66667,6,1020,2,2,0,1,113,0,0,0,0,0
0,24001900,12,2,1,8.8,6,1020,2,2,0,1,113,0,0,0,0,0
0,24001900,12,3,1,8.8,6,1020,2,2,0,1,113,0,0,0,0,0
0,24001900,16,0,1,8.3,6,1020,2,2,0,1,97,0,0,0,0,16
0,24002000,3,1,1,14.2333,9,1080,1,1,0,1,80,0,0,0,0,70
0,24002000,3,2,1,7.93333,5,600,1,1,0,1,85,0,0,0,0,28
0,24002000,3,3,1,14.2333,9,1080,1,1,0,1,57,0,0,0,0,56
0,24002000,3,4,1,10.9333,7,840,1,1,0,1,57,0,0,0,0,56
0,24002000,6,1,1,9.53333,7,840,1,1,0,1,81,0,0,0,0,32
0,24002000,6,2,1,9.73333,7,840,1,1,0,1,81,0,0,0,0,32
0,24002000,6,3,1,9.73333,7,840,1,1,0,1,81,0,0,0,0,32
0,24002000,6,4,1,9.53333,7,840,1,1,0,1,81,0,0,0,0,32
0,24002000,9,1,1,7.1,5,850,2,2,0,1,85,0,0,11,0,28
0,24002000,9,2,1,7.23333,5,850,2,2,0,1,85,0,0,22,0,28
0,24002000,9,3,1,7.23333,5,850,2,2,0,1,85,0,0,22,0,28
0,24002000,12,1,1,8.66667,6,1020,2,2,0,1,113,0,0,0,0,0
0,24002000,12,2,1,8.8,6,1020,2,2,0,1,113,0,0,0,0,0
0,24002000,12,3,1,8.8,6,1020,2,2,0,1,113,0,0,0,0,0
0,24002000,16,0,1,8.3,6,1020,2,2,0,1,97,0,0,0,0,16
0,24002100,3,1,1,14.2333,9,1080,1,1,0,1,80,0,0,0,0,70
0,24002100,3,2,1,7.93333,5,600,1,1,0,1,85,0,0,0,0,28
0,24002100,3,3,1,14.2333,9,1080,1,1,0,1,57,0,0,0,0,56
0,24002100,3,4,1,10.9333,7,840,1,1,0,1,57,0,0,0,0,56
0,24002100,6,1,1,9.53333,7,840,1,1,0,1,81,0,0,0,0,32
0,24002100,6,2,1,9.73333,7,840,1,1,0,1,81,0,0,0,0,32
0,24002100,6,3,1,9.73333,7,840,1,1,0,1,81,0,0,0,0,32
0,24002100,6,4,1,9.53333,7,840,1,1,0,1,81,0,0,0,0,32
0,24002100,9,1,1,7.1,5,850,2,2,0,1,85,0,0,11,0,28
0,24002100,9,2,1,7.23333,5,850,2,2,0,1,85,0,0,22,0,28
0,24002100,9,3,1,7.23333,5,850,2,2,0,1,85,0,0,22,0,28
0,24002100,12,1,1,8.66667,6,1020,2,2,0,1,113,0,0,0,0,0
0,24002100,12,2,1,8.8,6,1020,2,2,0,1,113,0,0,0,0,0
0,24002100,12,3,1,8.8,6,1020,2,2,0,1,113,0,0,0,0,0
0,24002100,16,0,1,8.3,6,1020,2,2,0,1,97,0,0,0,0,16
0,24002200,3,1,1,14.2333,9,1080,1,1,0,1,80,0,0,0,0,70
0,24002200,3,2,1,7.93333,5,600,1,1,0,1,85,0,0,0,0,28
0,24002200,3,3,1,14.2333,9,1080,1,1,0,1,57,0,0,0,0,56
0,24002200,3,4,1,10.9333,7,840,1,1,0,1,57,0,0,0,0,56
0,24002200,6,1,1,9.53333,7,840,1,1,0,1,81,0,0,0,0,32
0,24002200,6,2,1,9.73333,7,840,1,1,0,1,81,0,0,0,0,32
0,24002200,6,3,1,9.73333,7,840,1,1,0,1,81,0,0,0,0,32
0,24002200,6,4,1,9.53333,7,840,1,1,0,1,81,0,0,0,0,32
0,24002200,9,1,1,7.1,5,850,2,2,0,1,85,0,0,11,0,28
0,24002200,9,2,1,7.23333,5,850,2,2,0,1,85,0,0,22,0,28
0,24002200,9,3,1,7.23333,5,850,2,2,0,1,85,0,0,22,0,28
0,24002200,12,1,1,8.66667,6,1020,2,2,0,1,113,0,0,0,0,0
0,24002200,12,2,1,8.8,6,1020,2,2,0,1,113,0,0,0,0,0
0,24002200,12,3,1,8.8,6,1020,2,2,0,1,113,0,0,0,0,0
0,24002200,16,0,1,8.3,6,1020,2,2,0,1,97,0,0,0,0,16
0,24002300,3,1,1,14.2333,9,1080,1,1,0,1,80,0,0,0,0,70
0,24002300,3,2,1,7.93333,5,600,1,1,0,1,85,0,0,0,0,28
0,24002300,3,3,1,14.2333,9,1080,1,1,0,1,57,0,0,0,0,56
0,24002300,3,4,1,10.9333,7,840,1,1,0,1,57,0,0,0,0,56
0,24002300,6,1,1,9.53333,7,840,1,1,0,1,81,0,0,0,0,32
0,24002300,6,2,1,9.73333,7,840,1,1,0,1,81,0,0,0,0,32
0,24002300,6,3,1,9.73333,7,840,1,1,0,1,81,0,0,0,0,32
0,24002300,6,4,1,9.53333,7,840,1,1,0,1,81,0,0,0,0,32
0,24002300,9,1,1,7.1,5,850,2,2,0,1,85,0,0,11,0,28
0,24002300,9,2,1,7.23333,5,850,2,2,0,1,85,0,0,22,0,28
0,24002300,9,3,1,7.23333,5,850,2,2,0,1,85,0,0,22,0,28
0,24002300,12,1,1,8.66667,6,1020,2,2,0,1,113,0,0,0,0,0
0,24002300,12,2,1,8.8,6,1020,2,2,0,1,113,0,0,0,0,0
0,24002300,12,3,1,8.8,6,1020,2,2,0,1,113,0,0,0,0,0
0,24002300,16,0,1,8.3,6,1020,2,2,0,1,97,0,0,0,0,16
1,24000001,3,1,1,16.6333,10,1200,1,1,0,1,97,0,0,0,0,84
1,24000001,3,2,1,20.6333,12,1440,1,1,0,1,111,0,0,0,0,70
1,24000001,3,3,1,17.0333,10,1200,1,1,0,1,111,0,0,0,0,70
1,24000001,3,4,1,20.5333,12,1440,1,1,0,1,97,0,0,0,0,84
1,24000001,6,1,1,9.83333,7,840,1,1,0,1,136,0,0,0,0,0
1,24000001,6,2,1,10.0333,7,840,1,1,0,1,120,0,0,0,0,16
1,24000001,6,3,1,10.0333,7,840,1,1,0,1,120,0,0,0,0,16
1,24000001,6,4,1,9.83333,7,840,1,1,0,1,136,0,0,0,0,0
1,24000001,9,1,1,19.7667,10,1700,2,2,0,1,122,0,0,50,0,14
1,24000001,9,2,1,20.0667,10,1700,2,2,0,1,136,0,0,35,0,0
1,24000001,9,3,1,20.0667,10,1700,2,2,0,1,136,0,0,35,0,0
1,24000001,12,1,1,25.1,12,2040,2,2,0,1,136,0,0,0,0,0
1,24000001,12,2,1,25.3667,12,2040,2,2,0,1,136,0,0,0,0,0
1,24000001,12,3,1,25.3667,12,2040,2,2,0,1,136,0,0,0,0,0
1,24000001,16,0,1,24.5667,12,2040,2,2,0,1,136,0,0,0,0,0
1,24000101,3,1,1,16.6333,10,1200,1,1,0,1,97,0,0,0,0,84
1,24000101,3,2,1,20.6333,12,1440,1,1,0,1,111,0,0,0,0,70
1,24000101,3,3,1,17.0333,10,1200,1,1,0,1,111,0,0,0,0,70
1,24000101,3,4,1,20.5333,12,1440,1,1,0,1,97,0,0,0,0,84
1,24000101,6,1,1,9.83333,7,840,1,1,0,1,136,0,0,0,0,0
1,24000101,6,2,1,10.0333,7,840,1,1,0,1,120,0,0,0,0,16
1,24000101,6,3,1,10.0333,7,840,1,1,0,1,120,0,0,0,0,16
1,24000101,6,4,1,9.83333,7,840,1,1,0,1,136,0,0,0,0,0
1,24000101,9,1,1,19.7667,10,1700,2,2,0,1,122,0,0,50,0,14
1,24000101,9,2,1,20.0667,10,1700,2,2,0,1,136,0,0,35,0,0
1,24000101,9,3,1,20.0667,10,1700,2,2,0,1,136,0,0,35,0,0
1,24000101,12,1,1,25.1,12,2040,2,2,0,1,136,0,0,0,0,0
1,24000101,12,2,1,25.3667,12,2040,2,2,0,1,136,0,0,0,0,0
1,24000101,12,3,1,25.3667,12,2040,2,2,0,1,136,0,0,0,0,0
1,24000101,16,0,1,24.5667,12,2040,2,2,0,1,136,0,0,0,0,0
1,24000201,3,1,1,16.6333,10,1200,1,1,0,1,97,0,0,0,0,84
1,24000201,3,2,1,20.6333,12,1440,1,1,0,1,111,0,0,0,0,70
1,24000201,3,3,1,17.0333,10,1200,1,1,0,1,111,0,0,0,0,70
1,24000201,3,4,1,20.5333,12,1440,1,1,0,1,97,0,0,0,0,84
1,24000201,6,1,1,9.83333,7,840,1,1,0,1,136,0,0,0,0,0
1,24000201,6,2,1,10.0333,7,840,1,1,0,1,120,0,0,0,0,16
1,24000201,6,3,1,10.0333,7,840,1,1,0,1,120,0,0,0,0,16
1,24000201,6,4,1,9.83333,7,840,1,1,0,1,136,0,0,0,0,0
1,24000201,9,1,1,19.7667,10,1700,2,2,0,1,122,0,0,50,0,14
1,24000201,9,2,1,20.0667,10,1700,2,2,0,1,136,0,0,35,0,0
1,24000201,9,3,1,20.0667,10,1700,2,2,0,1,136,0,0,35,0,0
1,24000201,12,1,1,25.1,12,2040,2,2,0,1,136,0,0,0,0,0
1,24000201,12,2,1,25.3667,12,2040,2,2,0,1,136,0,0,0,0,0
1,24000201,12,3,1,25.3667,12,2040,2,2,0,1,136,0,0,0,0,0
1,24000201,16,0,1,24.5667,12,2040,2,2,0,1,136,0,0,0,0,0
1,24000301,3,1,1,16.6333,10,1200,1,1,0,1,97,0,0,0,0,84
1,24000301,3,2,1,20.6333,12,1440,1,1,0,1,111,0,0,0,0,70
1,24000301,3,3,1,17.0333,10,1200,1,1,0,1,111,0,0,0,0,70
1,24000301,3,4,1,20.5333,12,1440,1,1,0,1,97,0,0,0,0,84
1,24000301,6,1,1,9.83333,7,840,1,1,0,1,136,0,0,0,0,0
1,24000301,6,2,1,10.0333,7,840,1,1,0,1,120,0,0,0,0,16
1,24000301,6,3,1,10.0333,7,840,1,1,0,1,120,0,0,0,0,16
1,24000301,6,4,1,9.83333,7,840,1,1,0,1,136,0,0,0,0,0
1,24000301,9,1,1,19.7667,10,1700,2,2,0,1,122,0,0,50,0,14
1,24000301,9,2,1,20.0667,10,1700,2,2,0,1,136,0,0,35,0,0
1,24000301,9,3,1,20.0667,10,1700,2,2,0,1,136,0,0,35,0,0
1,24000301,12,1,1,25.1,12,2040,2,2,0,1,136,0,0,0,0,0
1,24000301,12,2,1,25.3667,12,2040,2,2,0,1,136,0,0,0,0,0
1,24000301,12,3,1,25.3667,12,2040,2,2,0,1,136,0,0,0,0,0
1,24000301,16,0,1,24.5667,12,2040,2,2,0,1,136,0,0,0,0,0
1,24000401,3,1,1,16.6333,10,1200,1,1,0,1,97,0,0,0,0,84
1,24000401,3,2,1,20.6333,12,1440,1,1,0,1,111,0,0,0,0,70
1,24000401,3,3,1,17.0333,10,1200,1,1,0,1,111,0,0,0,0,70
1,24000401,3,4,1,20.5333,12,1440,1,1,0,1,97,0,0,0,0,84
1,24000401,6,1,1,9.83333,7,840,1,1,0,1,136,0,0,0,0,0
1,24000401,6,2,1,10.0333,7,840,1,1,0,1,120,0,0,0,0,16
1,24000401,6,3,1,10.0333,7,840,1,1,0,1,120,0,0,0,0,16
1,24000401,6,4,1,9.83333,7,840,1,1,0,1,136,0,0,0,0,0
1,24000401,9,1,1,19.7667,10,1700,2,2,0,1,122,0,0,50,0,14
1,24000401,9,2,1,20.0667,10,1700,2,2,0,1,136,0,0,35,0,0
1,24000401,9,3,1,20.0667,10,1700,2,2,0,1,136,0,0,35,0,0
1,24000401,12,1,1,25.1,12,2040,2,2,0,1,136,0,0,0,0,0
1,24000401,12,2,1,25.3667,12,2040,2,2,0,1,136,0,0,0,0,0
1,24000401,12,3,1,25.3667,12,2040,2,2,0,1,136,0,0,0,0,0
1,24000401,16,0,1,24.5667,12,2040,2,2,0,1,136,0,0,0,0,0
1,24000501,3,1,1,16.6333,10,1200,1,1,0,1,97,0,0,0,0,84
1,24000501,3,2,1,20.6333,12,1440,1,1,0,1,111,0,0,0,0,70
1,24000501,3,3,1,17.0333,10,1200,1,1,0,1,111,0,0,0,0,70
1,24000501,3,4,1,20.5333,12,1440,1,1,0,1,97,0,0,0,0,84
1,24000501,6,1,1,9.83333,7,840,1,1,0,1,136,0,0,0,0,0
1,24000501,6,2,1,10.0333,7,840,1,1,0,1,120,0,0,0,0,16
1,24000501,6,3,1,10.0333,7,840,1,1,0,1,120,0,0,0,0,16
1,24000501,6,4,1,9.83333,7,840,1,1,0,1,136,0,0,0,0,0
1,24000501,9,1,1,19.7667,10,1700,2,2,0,1,122,0,0,50,0,14
1,24000501,9,2,1,20.0667,10,1700,2,2,0,1,136,0,0,35,0,0
1,24000501,9,3,1,20.0667,10,1700,2,2,0,1,136,0,0,35,0,0
1,24000501,12,1,1,25.1,12,2040,2,2,0,1,136,0,0,0,0,0
1,24000501,12,2,1,25.3667,12,2040,2,2,0,1,136,0,0,0,0,0
1,24000501,12,3,1,25.3667,12,2040,2,2,0,1,136,0,0,0,0,0
1,24000501,16,0,1,24.5667,12,2040,2,2,0,1,136,0,0,0,0,0
1,24000601,3,1,1,16.6333,10,1200,1,1,0,1,97,0,0,0,0,84
1,24000601,3,2,1,20.6333,12,1440,1,1,0,1,111,0,0,0,0,70
1,24000601,3,3,1,17.0333,10,1200,1,1,0,1,111,0,0,0,0,70
1,24000601,3,4,1,20.5333,12,1440,1,1,0,1,97,0,0,0,0,84
1,24000601,6,1,1,9.83333,7,840,1,1,0,1,136,0,0,0,0,0
1,24000601,6,2,1,10.0333,7,840,1,1,0,1,120,0,0,0,0,16
1,24000601,6,3,1,10.0333,7,840,1,1,0,1,120,0,0,0,0,16
1,24000601,6,4,1,9.83333,7,840,1,1,0,1,136,0,0,0,0,0
1,24000601,9,1,1,19.7667,10,1700,2,2,0,1,122,0,0,50,0,14
1,24000601,9,2,1,20.0667,10,1700,2,2,0,1,136,0,0,35,0,0
1,24000601,9,3,1,20.0667,10,1700,2,2,0,1,136,0,0,35,0,0
1,24000601,12,1,1,25.1,12,2040,2,2,0,1,136,0,0,0,0,0
1,24000601,12,2,1,25.3667,12,2040,2,2,0,1,136,0,0,0,0,0
1,24000601,12,3,1,25.3667,12,2040,2,2,0,1,136,0,0,0,0,0
1,24000601,16,0,1,24.5667,12,2040,2,2,0,1,136,0,0,0,0,0
1,24000701,3,1,1,16.6333,10,1200,1,1,0,1,97,0,0,0,0,84
1,24000701,3,2,1,20.6333,12,1440,1,1,0,1,111,0,0,0,0,70
1,24000701,3,3,1,17.0333,10,1200,1,1,0,1,111,0,0,0,0,70
1,24000701,3,4,1,20.5333,12,1440,1,1,0,1,97,0,0,0,0,84
1,24000701,6,1,1,9.83333,7,840,1,1,0,1,136,0,0,0,0,0
1,24000701,6,2,1,10.0333,7,840,1,1,0,1,120,0,0,0,0,16
1,24000701,6,3,1,10.0333,7,840,1,1,0,1,120,0,0,0,0,16
1,24000701,6,4,1,9.83333,7,840,1,1,0,1,136,0,0,0,0,0
1,24000701,9,1,1,19.7667,10,1700,2,2,0,1,122,0,0,50,0,14
1,24000701,9,2,1,20.0667,10,1700,2,2,0,1,136,0,0,35,0,0
1,24000701,9,3,1,20.0667,10,1700,2,2,0,1,136,0,0,35,0,0
1,24000701,12,1,1,25.1,12,2040,2,2,0,1,136,0,0,0,0,0
1,24000701,12,2,1,25.3667,12,2040,2,2,0,1,136,0,0,0,0,0
1,24000701,12,3,1,25.3667,12,2040,2,2,0,1,136,0,0,0,0,0
1,24000701,16,0,1,24.5667,12,2040,2,2,0,1,136,0,0,0,0,0
1,24000801,3,1,1,16.6333,10,1200,1,1,0,1,97,0,0,0,0,84
1,24000801,3,2,1,20.6333,12,1440,1,1,0,1,111,0,0,0,0,70
1,24000801,3,3,1,17.0333,10,1200,1,1,0,1,111,0,0,0,0,70
1,24000801,3,4,1,20.5333,12,1440,1,1,0,1,97,0,0,0,0,84
1,24000801,6,1,1,9.83333,7,840,1,1,0,1,136,0,0,0,0,0
1,24000801,6,2,1,10.0333,7,840,1,1,0,1,120,0,0,0,0,16
1,24000801,6,3,1,10.0333,7,840,1,1,0,1,120,0,0,0,0,16
1,24000801,6,4,1,9.83333,7,840,1,1,0,1,136,0,0,0,0,0
1,24000801,9,1,1,19.7667,10,1700,2,2,0,1,122,0,0,50,0,14
1,24000801,9,2,1,20.0667,10,1700,2,2,0,1,136,0,0,35,0,0
1,24000801,9,3,1,20.0667,10,1700,2,2,0,1,136,0,0,35,0,0
1,24000801,12,1,1,25.1,12,2040,2,2,0,1,136,0,0,0,0,0
1,24000801,12,2,1,25.3667,12,2040,2,2,0,1,136,0,0,0,0,0
1,24000801,12,3,1,25.3667,12,2040,2,2,0,1,136,0,0,0,0,0
1,24000801,16,0,1,24.5667,12,2040,2,2,0,1,136,0,0,0,0,0
1,24000901,3,1,1,16.6333,10,1200,1,1,0,1,97,0,0,0,0,84
1,24000901,3,2,1,20.6333,12,1440,1,1,0,1,111,0,0,0,0,70
1,24000901,3,3,1,17.0333,10,1200,1,1,0,1,111,0,0,0,0,70
1,24000901,3,4,1,20.5333,12,1440,1,1,0,1,97,0,0,0,0,84
1,24000901,6,1,1,9.83333,7,840,1,1,0,1,136,0,0,0,0,0
1,24000901,6,2,1,10.0333,7,840,1,1,0,1,120,0,0,0,0,16
1,24000901,6,3,1,10.0333,7,840,1,1,0,1,120,0,0,0,0,16
1,24000901,6,4,1,9.83333,7,840,1,1,0,1,136,0,0,0,0,0
1,24000901,9,1,1,19.7667,10,1700,2,2,0,1,122,0,0,50,0,14
1,24000901,9,2,1,20.0667,10,1700,2,2,0,1,136,0,0,35,0,0
1,24000901,9,3,1,20.0667,10,1700,2,2,0,1,136,0,0,35,0,0
1,24000901,12,1,1,25.1,12,2040,2,2,0,1,136,0,0,0,0,0
1,24000901,12,2,1,25.3667,12,2040,2,2,0,1,136,0,0,0,0,0
1,24000901,12,3,1,25.3667,12,2040,2,2,0,1,136,0,0,0,0,0
1,24000901,16,0,1,24.5667,12,2040,2,2,0,1,136,0,0,0,0,0
1,24001001,3,1,1,16.6333,10,1200,1,1,0,1,97,0,0,0,0,84
1,24001001,3,2,1,20.6333,12,1440,1,1,0,1,111,0,0,0,0,70
1,24001001,3,3,1,17.0333,10,1200,1,1,0,1,111,0,0,0,0,70
1,24001001,3,4,1,20.5333,12,1440,1,1,0,1,97,0,0,0,0,84
1,24001001,6,1,1,9.83333,7,840,1,1,0,1,136,0,0,0,0,0
1,24001001,6,2,1,10.0333,7,840,1,1,0,1,120,0,0,0,0,16
1,24001001,6,3,1,10.0333,7,840,1,1,0,1,120,0,0,0,0,16
1,24001001,6,4,1,9.83333,7,840,1,1,0,1,136,0,0,0,0,0
1,24001001,9,1,1,19.7667,10,1700,2,2,0,1,122,0,0,50,0,14
1,24001001,9,2,1,20.0667,10,1700,2,2,0,1,136,0,0,35,0,0
1,24001001,9,3,1,20.0667,10,1700,2,2,0,1,136,0,0,35,0,0
1,24001001,12,1,1,25.1,12,2040,2,2,0,1,136,0,0,0,0,0
1,24001001,12,2,1,25.3667,12,2040,2,2,0,1,136,0,0,0,0,0
1,24001001,12,3,1,25.3667,12,2040,2,2,0,1,136,0,0,0,0,0
1,24001001,16,0,1,24.5667,12,2040,2,2,0,1,136,0,0,0,0,0
1,24001101,3,1,1,16.6333,10,1200,1,1,0,1,97,0,0,0,0,84
1,24001101,3,2,1,20.6333,12,1440,1,1,0,1,111,0,0,0,0,70
1,24001101,3,3,1,17.0333,10,1200,1,1,0,1,111,0,0,0,0,70
1,24001101,3,4,1,20.5333,12,1440,1,1,0,1,97,0,0,0,0,84
1,24001101,6,1,1,9.83333,7,840,1,1,0,1,136,0,0,0,0,0
1,24001101,6,2,1,10.0333,7,840,1,1,0,1,120,0,0,0,0,16
1,24001101,6,3,1,10.0333,7,840,1,1,0,1,120,0,0,0,0,16
1,24001101,6,4,1,9.83333,7,840,1,1,0,1,136,0,0,0,0,0
1,24001101,9,1,1,19.7667,10,1700,2,2,0,1,122,0,0,50,0,14
1,24001101,9,2,1,20.0667,10,1700,2,2,0,1,136,0,0,35,0,0
1,24001101,9,3,1,20.0667,10,1700,2,2,0,1,136,0,0,35,0,0
1,24001101,12,1,1,25.1,12,2040,2,2,0,1,136,0,0,0,0,0
1,24001101,12,2,1,25.3667,12,2040,2,2,0,1,136,0,0,0,0,0
1,24001101,12,3,1,25.3667,12,2040,2,2,0,1,136,0,0,0,0,0
1,24001101,16,0,1,24.5667,12,2040,2,2,0,1,136,0,0,0,0,0
1,24001201,3,1,1,16.6333,10,1200,1,1,0,1,97,0,0,0,0,84
1,24001201,3,2,1,20.6333,12,1440,1,1,0,1,111,0,0,0,0,70
1,24001201,3,3,1,17.0333,10,1200,1,1,0,1,111,0,0,0,0,70
1,24001201,3,4,1,20.5333,12,1440,1,1,0,1,97,0,0,0,0,84
1,24001201,6,1,1,9.83333,7,840,1,1,0,1,136,0,0,0,0,0
1,24001201,6,2,1,10.0333,7,840,1,1,0,1,120,0,0,0,0,16
1,24001201,6,3,1,10.0333,7,840,1,1,0,1,120,0,0,0,0,16
1,24001201,6,4,1,9.83333,7,840,1,1,0,1,136,0,0,0,0,0
1,24001201,9,1,1,19.7667,10,1700,2,2,0,1,122,0,0,50,0,14
1,24001201,9,2,1,20.0667,10,1700,2,2,0,1,136,0,0,35,0,0
1,24001201,9,3,1,20.0667,10,1700,2,2,0,1,136,0,0,35,0,0
1,24001201,12,1,1,25.1,12,2040,2,2,0,1,136,0,0,0,0,0
1,24001201,12,2,1,25.3667,12,2040,2,2,0,1,136,0,0,0,0,0
1,24001201,12,3,1,25.3667,12,2040,2,2,0,1,136,0,0,0,0,0
1,24001201,16,0,1,24.5667,12,2040,2,2,0,1,136,0,0,0,0,0
1,24001301,3,1,1,16.6333,10,1200,1,1,0,1,97,0,0,0,0,84
1,24001301,3,2,1,20.6333,12,1440,1,1,0,1,111,0,0,0,0,70
1,24001301,3,3,1,17.0333,10,1200,1,1,0,1,111,0,0,0,0,70
1,24001301,3,4,1,20.5333,12,1440,1,1,0,1,97,0,0,0,0,84
1,24001301,6,1,1,9.83333,7,840,1,1,0,1,136,0,0,0,0,0
1,24001301,6,2,1,10.0333,7,840,1,1,0,1,120,0,0,0,0,16
1,24001301,6,3,1,10.0333,7,840,1,1,0,1,120,0,0,0,0,16
1,24001301,6,4,1,9.83333,7,840,1,1,0,1,136,0,0,0,0,0
1,24001301,9,1,1,19.7667,10,1700,2,2,0,1,122,0,0,50,0,14
1,24001301,9,2,1,20.0667,10,1700,2,2,0,1,136,0,0,35,0,0
1,24001301,9,3,1,20.0667,10,1700,2,2,0,1,136,0,0,35,0,0
1,24001301,12,1,1,25.1,12,2040,2,2,0,1,136,0,0,0,0,0
1,24001301,12,2,1,25.3667,12,2040,2,2,0,1,136,0,0,0,0,0
1,24001301,12,3,1,25.3667,12,2040,2,2,0,1,136,0,0,0,0,0
1,24001301,16,0,1,24.5667,12,2040,2,2,0,1,136,0,0,0,0,0
1,24001401,3,1,1,16.6333,10,1200,1,1,0,1,97,0,0,0,0,84
1,24001401,3,2,1,20.6333,12,1440,1,1,0,1,111,0,0,0,0,70
1,24001401,3,3,1,17.0333,10,1200,1,1,0,1,111,0,0,0,0,70
1,24001401,3,4,1,20.5333,12,1440,1,1,0,1,97,0,0,0,0,84
1,24001401,6,1,1,9.83333,7,840,1,1,0,1,136,0,0,0,0,0
1,24001401,6,2,1,10.0333,7,840,1,1,0,1,120,0,0,0,0,16
1,24001401,6,3,1,10.0333,7,840,1,1,0,1,120,0,0,0,0,16
1,24001401,6,4,1,9.83333,7,840,1,1,0,1,136,0,0,0,0,0
1,24001401,9,1,1,19.7667,10,1700,2,2,0,1,122,0,0,50,0,14
1,24001401,9,2,1,20.0667,10,1700,2,2,0,1,136,0,0,35,0,0
1,24001401,9,3,1,20.0667,10,1700,2,2,0,1,136,0,0,35,0,0
1,24001401,12,1,1,25.1,12,2040,2,2,0,1,136,0,0,0,0,0
1,24001401,12,2,1,25.3667,12,2040,2,2,0,1,136,0,0,0,0,0
1,24001401,12,3,1,25.3667,12,2040,2,2,0,1,136,0,0,0,0,0
1,24001401,16,0,1,24.5667,12,2040,2,2,0,1,136,0,0,0,0,0
1,24001501,3,1,1,16.6333,10,1200,1,1,0,1,97,0,0,0,0,84
1,24001501,3,2,1,20.6333,12,1440,1,1,0,1,111,0,0,0,0,70
1,24001501,3,3,1,17.0333,10,1200,1,1,0,1,111,0,0,0,0,70
1,24001501,3,4,1,20.5333,12,1440,1,1,0,1,97,0,0,0,0,84
1,24001501,6,1,1,9.83333,7,840,1,1,0,1,136,0,0,0,0,0
1,24001501,6,2,1,10.0333,7,840,1,1,0,1,120,0,0,0,0,16
1,24001501,6,3,1,10.0333,7,840,1,1,0,1,120,0,0,0,0,16
1,24001501,6,4,1,9.83333,7,840,1,1,0,1,136,0,0,0,0,0
1,24001501,9,1,1,19.7667,10,1700,2,2,0,1,122,0,0,50,0,14
1,24001501,9,2,1,20.0667,10,1700,2,2,0,1,136,0,0,35,0,0
1,24001501,9,3,1,20.0667,10,1700,2,2,0,1,136,0,0,35,0,0
1,24001501,12,1,1,25.1,12,2040,2,2,0,1,136,0,0,0,0,0
1,24001501,12,2,1,25.3667,12,2040,2,2,0,1,136,0,0,0,0,0
1,24001501,12,3,1,25.3667,12,2040,2,2,0,1,136,0,0,0,0,0
1,24001501,16,0,1,24.5667,12,2040,2,2,0,1,136,0,0,0,0,0
1,24001601,3,1,1,16.6333,10,1200,1,1,0,1,97,0,0,0,0,84
1,24001601,3,2,1,20.6333,12,1440,1,1,0,1,111,0,0,0,0,70
1,24001601,3,3,1,17.0333,10,1200,1,1,0,1,111,0,0,0,0,70
1,24001601,3,4,1,20.5333,12,1440,1,1,0,1,97,0,0,0,0,84
1,24001601,6,1,1,9.83333,7,840,1,1,0,1,136,0,0,0,0,0
1,24001601,6,2,1,10.0333,7,840,1,1,0,1,120,0,0,0,0,16
1,24001601,6,3,1,10.0333,7,840,1,1,0,1,120,0,0,0,0,16
1,24001601,6,4,1,9.83333,7,840,1,1,0,1,136,0,0,0,0,0
1,24001601,9,1,1,19.7667,10,1700,2,2,0,1,122,0,0,50,0,14
1,24001601,9,2,1,20.0667,10,1700,2,2,0,1,136,0,0,35,0,0
1,24001601,9,3,1,20.0667,10,1700,2,2,0,1,136,0,0,35,0,0
1,24001601,12,1,1,25.1,12,2040,2,2,0,1,136,0,0,0,0,0
1,24001601,12,2,1,25.3667,12,2040,2,2,0,1,136,0,0,0,0,0
1,24001601,12,3,1,25.3667,12,2040,2,2,0,1,136,0,0,0,0,0
1,24001601,16,0,1,24.5667,12,2040,2,2,0,1,136,0,0,0,0,0
1,24001701,3,1,1,16.6333,10,1200,1,1,0,1,97,0,0,0,0,84
1,24001701,3,2,1,20.6333,12,1440,1,1,0,1,111,0,0,0,0,70
1,24001701,3,3,1,17.0333,10,1200,1,1,0,1,111,0,0,0,0,70
1,24001701,3,4,1,20.5333,12,1440,1,1,0,1,97,0,0,0,0,84
1,24001701,6,1,1,9.83333,7,840,1,1,0,1,136,0,0,0,0,0
1,24001701,6,2,1,10.0333,7,840,1,1,0,1,120,0,0,0,0,16
1,24001701,6,3,1,10.0333,7,840,1,1,0,1,120,0,0,0,0,16
1,24001701,6,4,1,9.83333,7,840,1,1,0,1,136,0,0,0,0,0
1,24001701,9,1,1,19.7667,10,1700,2,2,0,1,122,0,0,50,0,14
1,24001701,9,2,1,20.0667,10,1700,2,2,0,1,136,0,0,35,0,0
1,24001701,9,3,1,20.0667,10,1700,2,2,0,1,136,0,0,35,0,0
1,24001701,12,1,1,25.1,12,2040,2,2,0,1,136,0,0,0,0,0
1,24001701,12,2,1,25.3667,12,2040,2,2,0,1,136,0,0,0,0,0
1,24001701,12,3,1,25.3667,12,2040,2,2,0,1,136,0,0,0,0,0
1,24001701,16,0,1,24.5667,12,2040,2,2,0,1,136,0,0,0,0,0
1,24001801,3,1,1,16.6333,10,1200,1,1,0,1,97,0,0,0,0,84
1,24001801,3,2,1,20.6333,12,1440,1,1,0,1,111,0,0,0,0,70
1,24001801,3,3,1,17.0333,10,1200,1,1,0,1,111,0,0,0,0,70
1,24001801,3,4,1,20.5333,12,1440,1,1,0,1,97,0,0,0,0,84
1,24001801,6,1,1,9.83333,7,840,1,1,0,1,136,0,0,0,0,0
1,24001801,6,2,1,10.0333,7,840,1,1,0,1,120,0,0,0,0,16
1,24001801,6,3,1,10.0333,7,840,1,1,0,1,120,0,0,0,0,16
1,24001801,6,4,1,9.83333,7,840,1,1,0,1,136,0,0,0,0,0
1,24001801,9,1,1,19.7667,10,1700,2,2,0,1,122,0,0,50,0,14
1,24001801,9,2,1,20.0667,10,1700,2,2,0,1,136,0,0,35,0,0
1,24001801,9,3,1,20.0667,10,1700,2,2,0,1,136,0,0,35,0,0
1,24001801,12,1,1,25.1,12,2040,2,2,0,1,136,0,0,0,0,0
1,24001801,12,2,1,25.3667,12,2040,2,2,0,1,136,0,0,0,0,0
1,24001801,12,3,1,25.3667,12,2040,2,2,0,1,136,0,0,0,0,0
1,24001801,16,0,1,24.5667,12,2040,2,2,0,1,136,0,0,0,0,0
1,24001901,3,1,1,16.6333,10,1200,1,1,0,1,97,0,0,0,0,84
1,24001901,3,2,1,20.6333,12,1440,1,1,0,1,111,0,0,0,0,70
1,24001901,3,3,1,17.0333,10,1200,1,1,0,1,111,0,0,0,0,70
1,24001901,3,4,1,20.5333,12,1440,1,1,0,1,97,0,0,0,0,84
1,24001901,6,1,1,9.83333,7,840,1,1,0,1,136,0,0,0,0,0
1,24001901,6,2,1,10.0333,7,840,1,1,0,1,120,0,0,0,0,16
1,24001901,6,3,1,10.0333,7,840,1,1,0,1,120,0,0,0,0,16
1,24001901,6,4,1,9.83333,7,840,1,1,0,1,136,0,0,0,0,0
1,24001901,9,1,1,19.7667,10,1700,2,2,0,1,122,0,0,50,0,14
1,24001901,9,2,1,20.0667,10,1700,2,2,0,1,136,0,0,35,0,0
1,24001901,9,3,1,20.0667,10,1700,2,2,0,1,136,0,0,35,0,0
1,24001901,12,1,1,25.1,12,2040,2,2,0,1,136,0,0,0,0,0
1,24001901,12,2,1,25.3667,12,2040,2,2,0,1,136,0,0,0,0,0
1,24001901,12,3,1,25.3667,12,2040,2,2,0,1,136,0,0,0,0,0
1,24001901,16,0,1,24.5667,12,2040,2,2,0,1,136,0,0,0,0,0
1,24002001,3,1,1,16.6333,10,1200,1,1,0,1,97,0,0,0,0,84
1,24002001,3,2,1,20.6333,12,1440,1,1,0,1,111,0,0,0,0,70
1,24002001,3,3,1,17.0333,10,1200,1,1,0,1,111,0,0,0,0,70
1,24002001,3,4,1,20.5333,12,1440,1,1,0,1,97,0,0,0,0,84
1,24002001,6,1,1,9.83333,7,840,1,1,0,1,136,0,0,0,0,0
1,24002001,6,2,1,10.0333,7,840,1,1,0,1,120,0,0,0,0,16
1,24002001,6,3,1,10.0333,7,840,1,1,0,1,120,0,0,0,0,16
1,24002001,6,4,1,9.83333,7,840,1,1,0,1,136,0,0,0,0,0
1,24002001,9,1,1,19.7667,10,1700,2,2,0,1,122,0,0,50,0,14
1,24002001,9,2,1,20.0667,10,1700,2,2,0,1,136,0,0,35,0,0
1,24002001,9,3,1,20.0667,10,1700,2,2,0,1,136,0,0,35,0,0
1,24002001,12,1,1,25.1,12,2040,2,2,0,1,136,0,0,0,0,0
1,24002001,12,2,1,25.3667,12,2040,2,2,0,1,136,0,0,0,0,0
1,24002001,12,3,1,25.3667,12,2040,2,2,0,1,136,0,0,0,0,0
1,24002001,16,0,1,24.5667,12,2040,2,2,0,1,136,0,0,0,0,0
1,24002101,3,1,1,16.6333,10,1200,1,1,0,1,97,0,0,0,0,84
1,24002101,3,2,1,20.6333,12,1440,1,1,0,1,111,0,0,0,0,70
1,24002101,3,3,1,17.0333,10,1200,1,1,0,1,111,0,0,0,0,70
1,24002101,3,4,1,20.5333,12,1440,1,1,0,1,97,0,0,0,0,84
1,24002101,6,1,1,9.83333,7,840,1,1,0,1,136,0,0,0,0,0
1,24002101,6,2,1,10.0333,7,840,1,1,0,1,120,0,0,0,0,16
1,24002101,6,3,1,10.0333,7,840,1,1,0,1,120,0,0,0,0,16
1,24002101,6,4,1,9.83333,7,840,1,1,0,1,136,0,0,0,0,0
1,24002101,9,1,1,19.7667,10,1700,2,2,0,1,122,0,0,50,0,14
1,24002101,9,2,1,20.0667,10,1700,2,2,0,1,136,0,0,35,0,0
1,24002101,9,3,1,20.0667,10,1700,2,2,0,1,136,0,0,35,0,0
1,24002101,12,1,1,25.1,12,2040,2,2,0,1,136,0,0,0,0,0
1,24002101,12,2,1,25.3667,12,2040,2,2,0,1,136,0,0,0,0,0
1,24002101,12,3,1,25.3667,12,2040,2,2,0,1,136,0,0,0,0,0
1,24002101,16,0,1,24.5667,12,2040,2,2,0,1,136,0,0,0,0,0
1,24002201,3,1,1,16.6333,10,1200,1,1,0,1,97,0,0,0,0,84
1,24002201,3,2,1,20.6333,12,1440,1,1,0,1,111,0,0,0,0,70
1,24002201,3,3,1,17.0333,10,1200,1,1,0,1,111,0,0,0,0,70
1,24002201,3,4,1,20.5333,12,1440,1,1,0,1,97,0,0,0,0,84
1,24002201,6,1,1,9.83333,7,840,1,1,0,1,136,0,0,0,0,0
1,24002201,6,2,1,10.0333,7,840,1,1,0,1,120,0,0,0,0,16
1,24002201,6,3,1,10.0333,7,840,1,1,0,1,120,0,0,0,0,16
1,24002201,6,4,1,9.83333,7,840,1,1,0,1,136,0,0,0,0,0
1,24002201,9,1,1,19.7667,10,1700,2,2,0,1,122,0,0,50,0,14
1,24002201,9,2,1,20.0667,10,1700,2,2,0,1,136,0,0,35,0,0
1,24002201,9,3,1,20.0667,10,1700,2,2,0,1,136,0,0,35,0,0
1,24002201,12,1,1,25.1,12,2040,2,2,0,1,136,0,0,0,0,0
1,24002201,12,2,1,25.3667,12,2040,2,2,0,1,136,0,0,0,0,0
1,24002201,12,3,1,25.3667,12,2040,2,2,0,1,136,0,0,0,0,0
1,24002201,16,0,1,24.5667,12,2040,2,2,0,1,136,0,0,0,0,0
1,24002301,3,1,1,16.6333,10,1200,1,1,0,1,97,0,0,0,0,84
1,24002301,3,2,1,20.6333,12,1440,1,1,0,1,111,0,0,0,0,70
1,24002301,3,3,1,17.0333,10,1200,1,1,0,1,111,0,0,0,0,70
1,24002301,3,4,1,20.5333,12,1440,1,1,0,1,97,0,0,0,0,84
1,24002301,6,1,1,9.83333,7,840,1,1,0,1,136,0,0,0,0,0
1,24002301,6,2,1,10.0333,7,840,1,1,0,1,120,0,0,0,0,16
1,24002301,6,3,1,10.0333,7,840,1,1,0,1,120,0,0,0,0,16
1,24002301,6,4,1,9.83333,7,840,1,1,0,1,136,0,0,0,0,0
1,24002301,9,1,1,19.7667,10,1700,2,2,0,1,122,0,0,50,0,14
1,24002301,9,2,1,20.0667,10,1700,2,2,0,1,136,0,0,35,0,0
1,24002301,9,3,1,20.0667,10,1700,2,2,0,1,136,0,0,35,0,0
1,24002301,12,1,1,25.1,12,2040,2,2,0,1,136,0,0,0,0,0
1,24002301,12,2,1,25.3667,12,2040,2,2,0,1,136,0,0,0,0,0
1,24002301,12,3,1,25.3667,12,2040,2,2,0,1,136,0,0,0,0,0
1,24002301,16,0,1,24.5667,12,2040,2,2,0,1,136,0,0,0,0,0
16,24000016,3,1,1,28.2333,13,2210,1,1,0,1,27,0,0,0,0,126
16,24000016,3,2,1,20.3,10,1700,1,1,0,1,69,0,0,0,0,84
16,24000016,3,3,1,28.4333,13,2210,1,1,0,1,87,0,0,0,0,28
16,24000016,3,4,1,17.5333,9,1530,1,1,0,1,87,0,0,0,0,28
16,24000016,6,1,1,30.9,14,2380,1,1,0,1,89,0,0,0,0,64
16,24000016,6,2,1,30.9667,14,2380,1,1,0,1,89,0,0,0,0,64
16,24000016,6,3,1,30.9667,14,2380,1,1,0,1,89,0,0,0,0,64
16,24000016,6,4,1,30.9,14,2380,1,1,0,1,89,0,0,0,0,64
16,24000016,9,1,1,20.8667,10,1840,2,2,0,1,69,0,0,37,0,84
16,24000016,9,2,1,21,10,1840,2,2,0,1,69,0,0,39,0,84
16,24000016,9,3,1,21,10,1840,2,2,0,1,69,0,0,39,0,84
16,24000016,12,1,1,26.4333,12,2180,2,2,0,1,115,0,0,0,0,0
16,24000016,12,2,1,26.5333,12,2180,2,2,0,1,115,0,0,0,0,0
16,24000016,12,3,1,26.5333,12,2180,2,2,0,1,115,0,0,0,0,0
16,24000016,16,0,1,26.0667,12,2180,2,2,0,1,89,0,0,0,0,64
16,24000116,3,1,1,28.2333,13,2210,1,1,0,1,27,0,0,0,0,126
16,24000116,3,2,1,20.3,10,1700,1,1,0,1,69,0,0,0,0,84
16,24000116,3,3,1,28.4333,13,2210,1,1,0,1,87,0,0,0,0,28
16,24000116,3,4,1,17.5333,9,1530,1,1,0,1,87,0,0,0,0,28
16,24000116,6,1,1,30.9,14,2380,1,1,0,1,89,0,0,0,0,64
16,24000116,6,2,1,30.9667,14,2380,1,1,0,1,89,0,0,0,0,64
16,24000116,6,3,1,30.9667,14,2380,1,1,0,1,89,0,0,0,0,64
16,24000116,6,4,1,30.9,14,2380,1,1,0,1,89,0,0,0,0,64
16,24000116,9,1,1,20.8667,10,1840,2,2,0,1,69,0,0,37,0,84
16,24000116,9,2,1,21,10,1840,2,2,0,1,69,0,0,39,0,84
16,24000116,9,3,1,21,10,1840,2,2,0,1,69,0,0,39,0,84
16,24000116,12,1,1,26.4333,12,2180,2,2,0,1,115,0,0,0,0,0
16,24000116,12,2,1,26.5333,12,2180,2,2,0,1,115,0,0,0,0,0
16,24000116,12,3,1,26.5333,12,2180,2,2,0,1,115,0,0,0,0,0
16,24000116,16,0,1,26.0667,12,2180,2,2,0,1,89,0,0,0,0,64
16,24000216,3,1,1,28.2333,13,2210,1,1,0,1,27,0,0,0,0,126
16,24000216,3,2,1,20.3,10,1700,1,1,0,1,69,0,0,0,0,84
16,24000216,3,3,1,28.4333,13,2210,1,1,0,1,87,0,0,0,0,28
16,24000216,3,4,1,17.5333,9,1530,1,1,0,1,87,0,0,0,0,28
16,24000216,6,1,1,30.9,14,2380,1,1,0,1,89,0,0,0,0,64
16,24000216,6,2,1,30.9667,14,2380,1,1,0,1,89,0,0,0,0,64
16,24000216,6,3,1,30.9667,14,2380,1,1,0,1,89,0,0,0,0,64
16,24000216,6,4,1,30.9,14,2380,1,1,0,1,89,0,0,0,0,64
16,24000216,9,1,1,20.8667,10,1840,2,2,0,1,69,0,0,37,0,84
16,24000216,9,2,1,21,10,1840,2,2,0,1,69,0,0,39,0,84
16,24000216,9,3,1,21,10,1840,2,2,0,1,69,0,0,39,0,84
16,24000216,12,1,1,26.4333,12,2180,2,2,0,1,115,0,0,0,0,0
16,24000216,12,2,1,26.5333,12,2180,2,2,0,1,115,0,0,0,0,0
16,24000216,12,3,1,26.5333,12,2180,2,2,0,1,115,0,0,0,0,0
16,24000216,16,0,1,26.0667,12,2180,2,2,0,1,89,0,0,0,0,64
16,24000316,3,1,1,28.2333,13,2210,1,1,0,1,27,0,0,0,0,126
16,24000316,3,2,1,20.3,10,1700,1,1,0,1,69,0,0,0,0,84
16,24000316,3,3,1,28.4333,13,2210,1,1,0,1,87,0,0,0,0,28
16,24000316,3,4,1,17.5333,9,1530,1,1,0,1,87,0,0,0,0,28
16,24000316,6,1,1,30.9,14,2380,1,1,0,1,89,0,0,0,0,64
16,24000316,6,2,1,30.9667,14,2380,1,1,0,1,89,0,0,0,0,64
16,24000316,6,3,1,30.9667,14,2380,1,1,0,1,89,0,0,0,0,64
16,24000316,6,4,1,30.9,14,2380,1,1,0,1,89,0,0,0,0,64
16,24000316,9,1,1,20.8667,10,1840,2,2,0,1,69,0,0,37,0,84
16,24000316,9,2,1,21,10,1840,2,2,0,1,69,0,0,39,0,84
16,24000316,9,3,1,21,10,1840,2,2,0,1,69,0,0,39,0,84
16,24000316,12,1,1,26.4333,12,2180,2,2,0,1,115,0,0,0,0,0
16,24000316,12,2,1,26.5333,12,2180,2,2,0,1,115,0,0,0,0,0
16,24000316,12,3,1,26.5333,12,2180,2,2,0,1,115,0,0,0,0,0
16,24000316,16,0,1,26.0667,12,2180,2,2,0,1,89,0,0,0,0,64
16,24000416,3,1,1,28.2333,13,2210,1,1,0,1,27,0,0,0,0,126
16,24000416,3,2,1,20.3,10,1700,1,1,0,1,69,0,0,0,0,84
16,24000416,3,3,1,28.4333,13,2210,1,1,0,1,87,0,0,0,0,28
16,24000416,3,4,1,17.5333,9,1530,1,1,0,1,87,0,0,0,0,28
16,24000416,6,1,1,30.9,14,2380,1,1,0,1,89,0,0,0,0,64
16,24000416,6,2,1,30.9667,14,2380,1,1,0,1,89,0,0,0,0,64
16,24000416,6,3,1,30.9667,14,2380,1,1,0,1,89,0,0,0,0,64
16,24000416,6,4,1,30.9,14,2380,1,1,0,1,89,0,0,0,0,64
16,24000416,9,1,1,20.8667,10,1840,2,2,0,1,69,0,0,37,0,84
16,24000416,9,2,1,21,10,1840,2,2,0,1,69,0,0,39,0,84
16,24000416,9,3,1,21,10,1840,2,2,0,1,69,0,0,39,0,84
16,24000416,12,1,1,26.4333,12,2180,2,2,0,1,115,0,0,0,0,0
16,24000416,12,2,1,26.5333,12,2180,2,2,0,1,115,0,0,0,0,0
16,24000416,12,3,1,26.5333,12,2180,2,2,0,1,115,0,0,0,0,0
16,24000416,16,0,1,26.0667,12,2180,2,2,0,1,89,0,0,0,0,64
16,24000516,3,1,1,28.2333,13,2210,1,1,0,1,27,0,0,0,0,126
16,24000516,3,2,1,20.3,10,1700,1,1,0,1,69,0,0,0,0,84
16,24000516,3,3,1,28.4333,13,2210,1,1,0,1,87,0,0,0,0,28
16,24000516,3,4,1,17.5333,9,1530,1,1,0,1,87,0,0,0,0,28
16,24000516,6,1,1,30.9,14,2380,1,1,0,1,89,0,0,0,0,64
16,24000516,6,2,1,30.9667,14,2380,1,1,0,1,89,0,0,0,0,64
16,24000516,6,3,1,30.9667,14,2380,1,1,0,1,89,0,0,0,0,64
16,24000516,6,4,1,30.9,14,2380,1,1,0,1,89,0,0,0,0,64
16,24000516,9,1,1,20.8667,10,1840,2,2,0,1,69,0,0,37,0,84
16,24000516,9,2,1,21,10,1840,2,2,0,1,69,0,0,39,0,84
16,24000516,9,3,1,21,10,1840,2,2,0,1,69,0,0,39,0,84
16,24000516,12,1,1,26.4333,12,2180,2,2,0,1,115,0,0,0,0,0
16,24000516,12,2,1,26.5333,12,2180,2,2,0,1,115,0,0,0,0,0
16,24000516,12,3,1,26.5333,12,2180,2,2,0,1,115,0,0,0,0,0
16,24000516,16,0,1,26.0667,12,2180,2,2,0,1,89,0,0,0,0,64
16,24000616,3,1,1,28.2333,13,2210,1,1,0,1,27,0,0,0,0,126
16,24000616,3,2,1,20.3,10,1700,1,1,0,1,69,0,0,0,0,84
16,24000616,3,3,1,28.4333,13,2210,1,1,0,1,87,0,0,0,0,28
16,24000616,3,4,1,17.5333,9,1530,1,1,0,1,87,0,0,0,0,28
16,24000616,6,1,1,30.9,14,2380,1,1,0,1,89,0,0,0,0,64
16,24000616,6,2,1,30.9667,14,2380,1,1,0,1,89,0,0,0,0,64
16,24000616,6,3,1,30.9667,14,2380,1,1,0,1,89,0,0,0,0,64
16,24000616,6,4,1,30.9,14,2380,1,1,0,1,89,0,0,0,0,64
16,24000616,9,1,1,20.8667,10,1840,2,2,0,1,69,0,0,37,0,84
16,24000616,9,2,1,21,10,1840,2,2,0,1,69,0,0,39,0,84
16,24000616,9,3,1,21,10,1840,2,2,0,1,69,0,0,39,0,84
16,24000616,12,1,1,26.4333,12,2180,2,2,0,1,115,0,0,0,0,0
16,24000616,12,2,1,26.5333,12,2180,2,2,0,1,115,0,0,0,0,0
16,24000616,12,3,1,26.5333,12,2180,2,2,0,1,115,0,0,0,0,0
16,24000616,16,0,1,26.0667,12,2180,2,2,0,1,89,0,0,0,0,64
16,24000716,3,1,1,28.2333,13,2210,1,1,0,1,27,0,0,0,0,126
16,24000716,3,2,1,20.3,10,1700,1,1,0,1,69,0,0,0,0,84
16,24000716,3,3,1,28.4333,13,2210,1,1,0,1,87,0,0,0,0,28
16,24000716,3,4,1,17.5333,9,1530,1,1,0,1,87,0,0,0,0,28
16,24000716,6,1,1,30.9,14,2380,1,1,0,1,89,0,0,0,0,64
16,24000716,6,2,1,30.9667,14,2380,1,1,0,1,89,0,0,0,0,64
16,24000716,6,3,1,30.9667,14,2380,1,1,0,1,89,0,0,0,0,64
16,24000716,6,4,1,30.9,14,2380,1,1,0,1,89,0,0,0,0,64
16,24000716,9,1,1,20.8667,10,1840,2,2,0,1,69,0,0,37,0,84
16,24000716,9,2,1,21,10,1840,2,2,0,1,69,0,0,39,0,84
16,24000716,9,3,1,21,10,1840,2,2,0,1,69,0,0,39,0,84
16,24000716,12,1,1,26.4333,12,2180,2,2,0,1,115,0,0,0,0,0
16,24000716,12,2,1,26.5333,12,2180,2,2,0,1,115,0,0,0,0,0
16,24000716,12,3,1,26.5333,12,2180,2,2,0,1,115,0,0,0,0,0
16,24000716,16,0,1,26.0667,12,2180,2,2,0,1,89,0,0,0,0,64
16,24000816,3,1,1,28.2333,13,2210,1,1,0,1,27,0,0,0,0,126
16,24000816,3,2,1,20.3,10,1700,1,1,0,1,69,0,0,0,0,84
16,24000816,3,3,1,28.4333,13,2210,1,1,0,1,87,0,0,0,0,28
16,24000816,3,4,1,17.5333,9,1530,1,1,0,1,87,0,0,0,0,28
16,24000816,6,1,1,30.9,14,2380,1,1,0,1,89,0,0,0,0,64
16,24000816,6,2,1,30.9667,14,2380,1,1,0,1,89,0,0,0,0,64
16,24000816,6,3,1,30.9667,14,2380,1,1,0,1,89,0,0,0,0,64
16,24000816,6,4,1,30.9,14,2380,1,1,0,1,89,0,0,0,0,64
16,24000816,9,1,1,20.8667,10,1840,2,2,0,1,69,0,0,37,0,84
16,24000816,9,2,1,21,10,1840,2,2,0,1,69,0,0,39,0,84
16,24000816,9,3,1,21,10,1840,2,2,0,1,69,0,0,39,0,84
16,24000816,12,1,1,26.4333,12,2180,2,2,0,1,115,0,0,0,0,0
16,24000816,12,2,1,26.5333,12,2180,2,2,0,1,115,0,0,0,0,0
16,24000816,12,3,1,26.5333,12,2180,2,2,0,1,115,0,0,0,0,0
16,24000816,16,0,1,26.0667,12,2180,2,2,0,1,89,0,0,0,0,64
16,24000916,3,1,1,28.2333,13,2210,1,1,0,1,27,0,0,0,0,126
16,24000916,3,2,1,20.3,10,1700,1,1,0,1,69,0,0,0,0,84
16,24000916,3,3,1,28.4333,13,2210,1,1,0,1,87,0,0,0,0,28
16,24000916,3,4,1,17.5333,9,1530,1,1,0,1,87,0,0,0,0,28
16,24000916,6,1,1,30.9,14,2380,1,1,0,1,89,0,0,0,0,64
16,24000916,6,2,1,30.9667,14,2380,1,1,0,1,89,0,0,0,0,64
16,24000916,6,3,1,30.9667,14,2380,1,1,0,1,89,0,0,0,0,64
16,24000916,6,4,1,30.9,14,2380,1,1,0,1,89,0,0,0,0,64
16,24000916,9,1,1,20.8667,10,1840,2,2,0,1,69,0,0,37,0,84
16,24000916,9,2,1,21,10,1840,2,2,0,1,69,0,0,39,0,84
16,24000916,9,3,1,21,10,1840,2,2,0,1,69,0,0,39,0,84
16,24000916,12,1,1,26.4333,12,2180,2,2,0,1,115,0,0,0,0,0
16,24000916,12,2,1,26.5333,12,2180,2,2,0,1,115,0,0,0,0,0
16,24000916,12,3,1,26.5333,12,2180,2,2,0,1,115,0,0,0,0,0
16,24000916,16,0,1,26.0667,12,2180,2,2,0,1,89,0,0,0,0,64
16,24001016,3,1,1,28.2333,13,2210,1,1,0,1,27,0,0,0,0,126
16,24001016,3,2,1,20.3,10,1700,1,1,0,1,69,0,0,0,0,84
16,24001016,3,3,1,28.4333,13,2210,1,1,0,1,87,0,0,0,0,28
16,24001016,3,4,1,17.5333,9,1530,1,1,0,1,87,0,0,0,0,28
16,24001016,6,1,1,30.9,14,2380,1,1,0,1,89,0,0,0,0,64
16,24001016,6,2,1,30.9667,14,2380,1,1,0,1,89,0,0,0,0,64
16,24001016,6,3,1,30.9667,14,2380,1,1,0,1,89,0,0,0,0,64
16,24001016,6,4,1,30.9,14,2380,1,1,0,1,89,0,0,0,0,64
16,24001016,9,1,1,20.8667,10,1840,2,2,0,1,69,0,0,37,0,84
16,24001016,9,2,1,21,10,1840,2,2,0,1,69,0,0,39,0,84
16,24001016,9,3,1,21,10,1840,2,2,0,1,69,0,0,39,0,84
16,24001016,12,1,1,26.4333,12,2180,2,2,0,1,115,0,0,0,0,0
16,24001016,12,2,1,26.5333,12,2180,2,2,0,1,115,0,0,0,0,0
16,24001016,12,3,1,26.5333,12,2180,2,2,0,1,115,0,0,0,0,0
16,24001016,16,0,1,26.0667,12,2180,2,2,0,1,89,0,0,0,0,64
16,24001116,3,1,1,28.2333,13,2210,1,1,0,1,27,0,0,0,0,126
16,24001116,3,2,1,20.3,10,1700,1,1,0,1,69,0,0,0,0,84
16,24001116,3,3,1,28.4333,13,2210,1,1,0,1,87,0,0,0,0,28
16,24001116,3,4,1,17.5333,9,1530,1,1,0,1,87,0,0,0,0,28
16,24001116,6,1,1,30.9,14,2380,1,1,0,1,89,0,0,0,0,64
16,24001116,6,2,1,30.9667,14,2380,1,1,0,1,89,0,0,0,0,64
16,24001116,6,3,1,30.9667,14,2380,1,1,0,1,89,0,0,0,0,64
16,24001116,6,4,1,30.9,14,2380,1,1,0,1,89,0,0,0,0,64
16,24001116,9,1,1,20.8667,10,1840,2,2,0,1,69,0,0,37,0,84
16,24001116,9,2,1,21,10,1840,2,2,0,1,69,0,0,39,0,84
16,24001116,9,3,1,21,10,1840,2,2,0,1,69,0,0,39,0,84
16,24001116,12,1,1,26.4333,12,2180,2,2,0,1,115,0,0,0,0,0
16,24001116,12,2,1,26.5333,12,2180,2,2,0,1,115,0,0,0,0,0
16,24001116,12,3,1,26.5333,12,2180,2,2,0,1,115,0,0,0,0,0
16,24001116,16,0,1,26.0667,12,2180,2,2,0,1,89,0,0,0,0,64
16,24001216,3,1,1,28.2333,13,2210,1,1,0,1,27,0,0,0,0,126
16,24001216,3,2,1,20.3,10,1700,1,1,0,1,69,0,0,0,0,84
16,24001216,3,3,1,28.4333,13,2210,1,1,0,1,87,0,0,0,0,28
16,24001216,3,4,1,17.5333,9,1530,1,1,0,1,87,0,0,0,0,28
16,24001216,6,1,1,30.9,14,2380,1,1,0,1,89,0,0,0,0,64
16,24001216,6,2,1,30.9667,14,2380,1,1,0,1,89,0,0,0,0,64
16,24001216,6,3,1,30.9667,14,2380,1,1,0,1,89,0,0,0,0,64
16,24001216,6,4,1,30.9,14,2380,1,1,0,1,89,0,0,0,0,64
16,24001216,9,1,1,20.8667,10,1840,2,2,0,1,69,0,0,37,0,84
16,24001216,9,2,1,21,10,1840,2,2,0,1,69,0,0,39,0,84
16,24001216,9,3,1,21,10,1840,2,2,0,1,69,0,0,39,0,84
16,24001216,12,1,1,26.4333,12,2180,2,2,0,1,115,0,0,0,0,0
16,24001216,12,2,1,26.5333,12,2180,2,2,0,1,115,0,0,0,0,0
16,24001216,12,3,1,26.5333,12,2180,2,2,0,1,115,0,0,0,0,0
16,24001216,16,0,1,26.0667,12,2180,2,2,0,1,89,0,0,0,0,64
16,24001316,3,1,1,28.2333,13,2210,1,1,0,1,27,0,0,0,0,126
16,24001316,3,2,1,20.3,10,1700,1,1,0,1,69,0,0,0,0,84
16,24001316,3,3,1,28.4333,13,2210,1,1,0,1,87,0,0,0,0,28
16,24001316,3,4,1,17.5333,9,1530,1,1,0,1,87,0,0,0,0,28
16,24001316,6,1,1,30.9,14,2380,1,1,0,1,89,0,0,0,0,64
16,24001316,6,2,1,30.9667,14,2380,1,1,0,1,89,0,0,0,0,64
16,24001316,6,3,1,30.9667,14,2380,1,1,0,1,89,0,0,0,0,64
16,24001316,6,4,1,30.9,14,2380,1,1,0,1,89,0,0,0,0,64
16,24001316,9,1,1,20.8667,10,1840,2,2,0,1,69,0,0,37,0,84
16,24001316,9,2,1,21,10,1840,2,2,0,1,69,0,0,39,0,84
16,24001316,9,3,1,21,10,1840,2,2,0,1,69,0,0,39,0,84
16,24001316,12,1,1,26.4333,12,2180,2,2,0,1,115,0,0,0,0,0
16,24001316,12,2,1,26.5333,12,2180,2,2,0,1,115,0,0,0,0,0
16,24001316,12,3,1,26.5333,12,2180,2,2,0,1,115,0,0,0,0,0
16,24001316,16,0,1,26.0667,12,2180,2,2,0,1,89,0,0,0,0,64
16,24001416,3,1,1,28.2333,13,2210,1,1,0,1,27,0,0,0,0,126
16,24001416,3,2,1,20.3,10,1700,1,1,0,1,69,0,0,0,0,84
16,24001416,3,3,1,28.4333,13,2210,1,1,0,1,87,0,0,0,0,28
16,24001416,3,4,1,17.5333,9,1530,1,1,0,1,87,0,0,0,0,28
16,24001416,6,1,1,30.9,14,2380,1,1,0,1,89,0,0,0,0,64
16,24001416,6,2,1,30.9667,14,2380,1,1,0,1,89,0,0,0,0,64
16,24001416,6,3,1,30.9667,14,2380,1,1,0,1,89,0,0,0,0,64
16,24001416,6,4,1,30.9,14,2380,1,1,0,1,89,0,0,0,0,64
16,24001416,9,1,1,20.8667,10,1840,2,2,0,1,69,0,0,37,0,84
16,24001416,9,2,1,21,10,1840,2,2,0,1,69,0,0,39,0,84
16,24001416,9,3,1,21,10,1840,2,2,0,1,69,0,0,39,0,84
16,24001416,12,1,1,26.4333,12,2180,2,2,0,1,115,0,0,0,0,0
16,24001416,12,2,1,26.5333,12,2180,2,2,0,1,115,0,0,0,0,0
16,24001416,12,3,1,26.5333,12,2180,2,2,0,1,115,0,0,0,0,0
16,24001416,16,0,1,26.0667,12,2180,2,2,0,1,89,0,0,0,0,64
16,24001516,3,1,1,28.2333,13,2210,1,1,0,1,27,0,0,0,0,126
16,24001516,3,2,1,20.3,10,1700,1,1,0,1,69,0,0,0,0,84
16,24001516,3,3,1,28.4333,13,2210,1,1,0,1,87,0,0,0,0,28
16,24001516,3,4,1,17.5333,9,1530,1,1,0,1,87,0,0,0,0,28
16,24001516,6,1,1,30.9,14,2380,1,1,0,1,89,0,0,0,0,64
16,24001516,6,2,1,30.9667,14,2380,1,1,0,1,89,0,0,0,0,64
16,24001516,6,3,1,30.9667,14,2380,1,1,0,1,89,0,0,0,0,64
16,24001516,6,4,1,30.9,14,2380,1,1,0,1,89,0,0,0,0,64
16,24001516,9,1,1,20.8667,10,1840,2,2,0,1,69,0,0,37,0,84
16,24001516,9,2,1,21,10,1840,2,2,0,1,69,0,0,39,0,84
16,24001516,9,3,1,21,10,1840,2,2,0,1,69,0,0,39,0,84
16,24001516,12,1,1,26.4333,12,2180,2,2,0,1,115,0,0,0,0,0
16,24001516,12,2,1,26.5333,12,2180,2,2,0,1,115,0,0,0,0,0
16,24001516,12,3,1,26.5333,12,2180,2,2,0,1,115,0,0,0,0,0
16,24001516,16,0,1,26.0667,12,2180,2,2,0,1,89,0,0,0,0,64
16,24001616,3,1,1,28.2333,13,2210,1,1,0,1,27,0,0,0,0,126
16,24001616,3,2,1,20.3,10,1700,1,1,0,1,69,0,0,0,0,84
16,24001616,3,3,1,28.4333,13,2210,1,1,0,1,87,0,0,0,0,28
16,24001616,3,4,1,17.5333,9,1530,1,1,0,1,87,0,0,0,0,28
16,24001616,6,1,1,30.9,14,2380,1,1,0,1,89,0,0,0,0,64
16,24001616,6,2,1,30.9667,14,2380,1,1,0,1,89,0,0,0,0,64
16,24001616,6,3,1,30.9667,14,2380,1,1,0,1,89,0,0,0,0,64
16,24001616,6,4,1,30.9,14,2380,1,1,0,1,89,0,0,0,0,64
16,24001616,9,1,1,20.8667,10,1840,2,2,0,1,69,0,0,37,0,84
16,24001616,9,2,1,21,10,1840,2,2,0,1,69,0,0,39,0,84
16,24001616,9,3,1,21,10,1840,2,2,0,1,69,0,0,39,0,84
16,24001616,12,1,1,26.4333,12,2180,2,2,0,1,115,0,0,0,0,0
16,24001616,12,2,1,26.5333,12,2180,2,2,0,1,115,0,0,0,0,0
16,24001616,12,3,1,26.5333,12,2180,2,2,0,1,115,0,0,0,0,0
16,24001616,16,0,1,26.0667,12,2180,2,2,0,1,89,0,0,0,0,64
16,24001716,3,1,1,28.2333,13,2210,1,1,0,1,27,0,0,0,0,126
16,24001716,3,2,1,20.3,10,1700,1,1,0,1,69,0,0,0,0,84
16,24001716,3,3,1,28.4333,13,2210,1,1,0,1,87,0,0,0,0,28
16,24001716,3,4,1,17.5333,9,1530,1,1,0,1,87,0,0,0,0,28
16,24001716,6,1,1,30.9,14,2380,1,1,0,1,89,0,0,0,0,64
16,24001716,6,2,1,30.9667,14,2380,1,1,0,1,89,0,0,0,0,64
16,24001716,6,3,1,30.9667,14,2380,1,1,0,1,89,0,0,0,0,64
16,24001716,6,4,1,30.9,14,2380,1,1,0,1,89,0,0,0,0,64
16,24001716,9,1,1,20.8667,10,1840,2,2,0,1,69,0,0,37,0,84
16,24001716,9,2,1,21,10,1840,2,2,0,1,69,0,0,39,0,84
16,24001716,9,3,1,21,10,1840,2,2,0,1,69,0,0,39,0,84
16,24001716,12,1,1,26.4333,12,2180,2,2,0,1,115,0,0,0,0,0
16,24001716,12,2,1,26.5333,12,2180,2,2,0,1,115,0,0,0,0,0
16,24001716,12,3,1,26.5333,12,2180,2,2,0,1,115,0,0,0,0,0
16,24001716,16,0,1,26.0667,12,2180,2,2,0,1,89,0,0,0,0,64
16,24001816,3,1,1,28.2333,13,2210,1,1,0,1,27,0,0,0,0,126
16,24001816,3,2,1,20.3,10,1700,1,1,0,1,69,0,0,0,0,84
16,24001816,3,3,1,28.4333,13,2210,1,1,0,1,87,0,0,0,0,28
16,24001816,3,4,1,17.5333,9,1530,1,1,0,1,87,0,0,0,0,28
16,24001816,6,1,1,30.9,14,2380,1,1,0,1,89,0,0,0,0,64
16,24001816,6,2,1,30.9667,14,2380,1,1,0,1,89,0,0,0,0,64
16,24001816,6,3,1,30.9667,14,2380,1,1,0,1,89,0,0,0,0,64
16,24001816,6,4,1,30.9,14,2380,1,1,0,1,89,0,0,0,0,64
16,24001816,9,1,1,20.8667,10,1840,2,2,0,1,69,0,0,37,0,84
16,24001816,9,2,1,21,10,1840,2,2,0,1,69,0,0,39,0,84
16,24001816,9,3,1,21,10,1840,2,2,0,1,69,0,0,39,0,84
16,24001816,12,1,1,26.4333,12,2180,2,2,0,1,115,0,0,0,0,0
16,24001816,12,2,1,26.5333,12,2180,2,2,0,1,115,0,0,0,0,0
16,24001816,12,3,1,26.5333,12,2180,2,2,0,1,115,0,0,0,0,0
16,24001816,16,0,1,26.0667,12,2180,2,2,0,1,89,0,0,0,0,64
16,24001916,3,1,1,28.2333,13,2210,1,1,0,1,27,0,0,0,0,126
16,24001916,3,2,1,20.3,10,1700,1,1,0,1,69,0,0,0,0,84
16,24001916,3,3,1,28.4333,13,2210,1,1,0,1,87,0,0,0,0,28
16,24001916,3,4,1,17.5333,9,1530,1,1,0,1,87,0,0,0,0,28
16,24001916,6,1,1,30.9,14,2380,1,1,0,1,89,0,0,0,0,64
16,24001916,6,2,1,30.9667,14,2380,1,1,0,1,89,0,0,0,0,64
16,24001916,6,3,1,30.9667,14,2380,1,1,0,1,89,0,0,0,0,64
16,24001916,6,4,1,30.9,14,2380,1,1,0,1,89,0,0,0,0,64
16,24001916,9,1,1,20.8667,10,1840,2,2,0,1,69,0,0,37,0,84
16,24001916,9,2,1,21,10,1840,2,2,0,1,69,0,0,39,0,84
16,24001916,9,3,1,21,10,1840,2,2,0,1,69,0,0,39,0,84
16,24001916,12,1,1,26.4333,12,2180,2,2,0,1,115,0,0,0,0,0
16,24001916,12,2,1,26.5333,12,2180,2,2,0,1,115,0,0,0,0,0
16,24001916,12,3,1,26.5333,12,2180,2,2,0,1,115,0,0,0,0,0
16,24001916,16,0,1,26.0667,12,2180,2,2,0,1,89,0,0,0,0,64
16,24002016,3,1,1,28.2333,13,2210,1,1,0,1,27,0,0,0,0,126
16,24002016,3,2,1,20.3,10,1700,1,1,0,1,69,0,0,0,0,84
16,24002016,3,3,1,28.4333,13,2210,1,1,0,1,87,0,0,0,0,28
16,24002016,3,4,1,17.5333,9,1530,1,1,0,1,87,0,0,0,0,28
16,24002016,6,1,1,30.9,14,2380,1,1,0,1,89,0,0,0,0,64
16,24002016,6,2,1,30.9667,14,2380,1,1,0,1,89,0,0,0,0,64
16,24002016,6,3,1,30.9667,14,2380,1,1,0,1,89,0,0,0,0,64
16,24002016,6,4,1,30.9,14,2380,1,1,0,1,89,0,0,0,0,64
16,24002016,9,1,1,20.8667,10,1840,2,2,0,1,69,0,0,37,0,84
16,24002016,9,2,1,21,10,1840,2,2,0,1,69,0,0,39,0,84
16,24002016,9,3,1,21,10,1840,2,2,0,1,69,0,0,39,0,84
16,24002016,12,1,1,26.4333,12,2180,2,2,0,1,115,0,0,0,0,0
16,24002016,12,2,1,26.5333,12,2180,2,2,0,1,115,0,0,0,0,0
16,24002016,12,3,1,26.5333,12,2180,2,2,0,1,115,0,0,0,0,0
16,24002016,16,0,1,26.0667,12,2180,2,2,0,1,89,0,0,0,0,64
16,24002116,3,1,1,28.2333,13,2210,1,1,0,1,27,0,0,0,0,126
16,24002116,3,2,1,20.3,10,1700,1,1,0,1,69,0,0,0,0,84
16,24002116,3,3,1,28.4333,13,2210,1,1,0,1,87,0,0,0,0,28
16,24002116,3,4,1,17.5333,9,1530,1,1,0,1,87,0,0,0,0,28
16,24002116,6,1,1,30.9,14,2380,1,1,0,1,89,0,0,0,0,64
16,24002116,6,2,1,30.9667,14,2380,1,1,0,1,89,0,0,0,0,64
16,24002116,6,3,1,30.9667,14,2380,1,1,0,1,89,0,0,0,0,64
16,24002116,6,4,1,30.9,14,2380,1,1,0,1,89,0,0,0,0,64
16,24002116,9,1,1,20.8667,10,1840,2,2,0,1,69,0,0,37,0,84
16,24002116,9,2,1,21,10,1840,2,2,0,1,69,0,0,39,0,84
16,24002116,9,3,1,21,10,1840,2,2,0,1,69,0,0,39,0,84
16,24002116,12,1,1,26.4333,12,2180,2,2,0,1,115,0,0,0,0,0
16,24002116,12,2,1,26.5333,12,2180,2,2,0,1,115,0,0,0,0,0
16,24002116,12,3,1,26.5333,12,2180,2,2,0,1,115,0,0,0,0,0
16,24002116,16,0,1,26.0667,12,2180,2,2,0,1,89,0,0,0,0,64
16,24002216,3,1,1,28.2333,13,2210,1,1,0,1,27,0,0,0,0,126
16,24002216,3,2,1,20.3,10,1700,1,1,0,1,69,0,0,0,0,84
16,24002216,3,3,1,28.4333,13,2210,1,1,0,1,87,0,0,0,0,28
16,24002216,3,4,1,17.5333,9,1530,1,1,0,1,87,0,0,0,0,28
16,24002216,6,1,1,30.9,14,2380,1,1,0,1,89,0,0,0,0,64
16,24002216,6,2,1,30.9667,14,2380,1,1,0,1,89,0,0,0,0,64
16,24002216,6,3,1,30.9667,14,2380,1,1,0,1,89,0,0,0,0,64
16,24002216,6,4,1,30.9,14,2380,1,1,0,1,89,0,0,0,0,64
16,24002216,9,1,1,20.8667,10,1840,2,2,0,1,69,0,0,37,0,84
16,24002216,9,2,1,21,10,1840,2,2,0,1,69,0,0,39,0,84
16,24002216,9,3,1,21,10,1840,2,2,0,1,69,0,0,39,0,84
16,24002216,12,1,1,26.4333,12,2180,2,2,0,1,115,0,0,0,0,0
16,24002216,12,2,1,26.5333,12,2180,2,2,0,1,115,0,0,0,0,0
16,24002216,12,3,1,26.5333,12,2180,2,2,0,1,115,0,0,0,0,0
16,24002216,16,0,1,26.0667,12,2180,2,2,0,1,89,0,0,0,0,64
16,24002316,3,1,1,28.2333,13,2210,1,1,0,1,27,0,0,0,0,126
16,24002316,3,2,1,20.3,10,1700,1,1,0,1,69,0,0,0,0,84
16,24002316,3,3,1,28.4333,13,2210,1,1,0,1,87,0,0,0,0,28
16,24002316,3,4,1,17.5333,9,1530,1,1,0,1,87,0,0,0,0,28
16,24002316,6,1,1,30.9,14,2380,1,1,0,1,89,0,0,0,0,64
16,24002316,6,2,1,30.9667,14,2380,1,1,0,1,89,0,0,0,0,64
16,24002316,6,3,1,30.9667,14,2380,1,1,0,1,89,0,0,0,0,64
16,24002316,6,4,1,30.9,14,2380,1,1,0,1,89,0,0,0,0,64
16,24002316,9,1,1,20.8667,10,1840,2,2,0,1,69,0,0,37,0,84
16,24002316,9,2,1,21,10,1840,2,2,0,1,69,0,0,39,0,84
16,24002316,9,3,1,21,10,1840,2,2,0,1,69,0,0,39,0,84
16,24002316,12,1,1,26.4333,12,2180,2,2,0,1,115,0,0,0,0,0
16,24002316,12,2,1,26.5333,12,2180,2,2,0,1,115,0,0,0,0,0
16,24002316,12,3,1,26.5333,12,2180,2,2,0,1,115,0,0,0,0,0
16,24002316,16,0,1,26.0667,12,2180,2,2,0,1,89,0,0,0,0,64
6,24000006,3,1,1,12.1667,7,1190,1,1,0,1,89,0,0,0,0,42
6,24000006,3,2,1,12.2,7,1190,1,1,0,1,89,0,0,0,0,42
6,24000006,3,3,1,17.7,9,1530,1,1,0,1,103,0,0,0,0,28
6,24000006,3,4,1,17.5333,9,1530,1,1,0,1,75,0,0,0,0,56
6,24000006,6,1,1,14.8,8,1360,1,1,0,1,115,0,0,0,0,16
6,24000006,6,2,1,14.8667,8,1360,1,1,0,1,115,0,0,0,0,16
6,24000006,6,3,1,14.8667,8,1360,1,1,0,1,115,0,0,0,0,16
6,24000006,6,4,1,14.8,8,1360,1,1,0,1,115,0,0,0,0,16
6,24000006,9,1,1,11.1333,7,1190,2,2,0,1,104,0,0,47,0,70
6,24000006,9,2,1,11.3333,7,1190,2,2,0,1,89,0,0,30,0,42
6,24000006,9,3,1,11.3333,7,1190,2,2,0,1,89,0,0,30,0,42
6,24000006,12,1,1,14,8,1360,2,2,0,1,131,0,0,0,0,0
6,24000006,12,2,1,14.1333,8,1360,2,2,0,1,131,0,0,0,0,0
6,24000006,12,3,1,14.1333,8,1360,2,2,0,1,131,0,0,0,0,0
6,24000006,16,0,1,13.7,8,1360,2,2,0,1,99,0,0,0,0,32
6,24000106,3,1,1,12.1667,7,1190,1,1,0,1,89,0,0,0,0,42
6,24000106,3,2,1,12.2,7,1190,1,1,0,1,89,0,0,0,0,42
6,24000106,3,3,1,17.7,9,1530,1,1,0,1,103,0,0,0,0,28
6,24000106,3,4,1,17.5333,9,1530,1,1,0,1,75,0,0,0,0,56
6,24000106,6,1,1,14.8,8,1360,1,1,0,1,115,0,0,0,0,16
6,24000106,6,2,1,14.8667,8,1360,1,1,0,1,115,0,0,0,0,16
6,24000106,6,3,1,14.8667,8,1360,1,1,0,1,115,0,0,0,0,16
6,24000106,6,4,1,14.8,8,1360,1,1,0,1,115,0,0,0,0,16
6,24000106,9,1,1,11.1333,7,1190,2,2,0,1,104,0,0,47,0,70
6,24000106,9,2,1,11.3333,7,1190,2,2,0,1,89,0,0,30,0,42
6,24000106,9,3,1,11.3333,7,1190,2,2,0,1,89,0,0,30,0,42
6,24000106,12,1,1,14,8,1360,2,2,0,1,131,0,0,0,0,0
6,24000106,12,2,1,14.1333,8,1360,2,2,0,1,131,0,0,0,0,0
6,24000106,12,3,1,14.1333,8,1360,2,2,0,1,131,0,0,0,0,0
6,24000106,16,0,1,13.7,8,1360,2,2,0,1,99,0,0,0,0,32
6,24000206,3,1,1,12.1667,7,1190,1,1,0,1,89,0,0,0,0,42
6,24000206,3,2,1,12.2,7,1190,1,1,0,1,89,0,0,0,0,42
6,24000206,3,3,1,17.7,9,1530,1,1,0,1,103,0,0,0,0,28
6,24000206,3,4,1,17.5333,9,1530,1,1,0,1,75,0,0,0,0,56
6,24000206,6,1,1,14.8,8,1360,1,1,0,1,115,0,0,0,0,16
6,24000206,6,2,1,14.8667,8,1360,1,1,0,1,115,0,0,0,0,16
6,24000206,6,3,1,14.8667,8,1360,1,1,0,1,115,0,0,0,0,16
6,24000206,6,4,1,14.8,8,1360,1,1,0,1,115,0,0,0,0,16
6,24000206,9,1,1,11.1333,7,1190,2,2,0,1,104,0,0,47,0,70
6,24000206,9,2,1,11.3333,7,1190,2,2,0,1,89,0,0,30,0,42
6,24000206,9,3,1,11.3333,7,1190,2,2,0,1,89,0,0,30,0,42
6,24000206,12,1,1,14,8,1360,2,2,0,1,131,0,0,0,0,0
6,24000206,12,2,1,14.1333,8,1360,2,2,0,1,131,0,0,0,0,0
6,24000206,12,3,1,14.1333,8,1360,2,2,0,1,131,0,0,0,0,0
6,24000206,16,0,1,13.7,8,1360,2,2,0,1,99,0,0,0,0,32
6,24000306,3,1,1,12.1667,7,1190,1,1,0,1,89,0,0,0,0,42
6,24000306,3,2,1,12.2,7,1190,1,1,0,1,89,0,0,0,0,42
6,24000306,3,3,1,17.7,9,1530,1,1,0,1,103,0,0,0,0,28
6,24000306,3,4,1,17.5333,9,1530,1,1,0,1,75,0,0,0,0,56
6,24000306,6,1,1,14.8,8,1360,1,1,0,1,115,0,0,0,0,16
6,24000306,6,2,1,14.8667,8,1360,1,1,0,1,115,0,0,0,0,16
6,24000306,6,3,1,14.8667,8,1360,1,1,0,1,115,0,0,0,0,16
6,24000306,6,4,1,14.8,8,1360,1,1,0,1,115,0,0,0,0,16
6,24000306,9,1,1,11.1333,7,1190,2,2,0,1,104,0,0,47,0,70
6,24000306,9,2,1,11.3333,7,1190,2,2,0,1,89,0,0,30,0,42
6,24000306,9,3,1,11.3333,7,1190,2,2,0,1,89,0,0,30,0,42
6,24000306,12,1,1,14,8,1360,2,2,0,1,131,0,0,0,0,0
6,24000306,12,2,1,14.1333,8,1360,2,2,0,1,131,0,0,0,0,0
6,24000306,12,3,1,14.1333,8,1360,2,2,0,1,131,0,0,0,0,0
6,24000306,16,0,1,13.7,8,1360,2,2,0,1,99,0,0,0,0,32
6,24000406,3,1,1,12.1667,7,1190,1,1,0,1,89,0,0,0,0,42
6,24000406,3,2,1,12.2,7,1190,1,1,0,1,89,0,0,0,0,42
6,24000406,3,3,1,17.7,9,1530,1,1,0,1,103,0,0,0,0,28
6,24000406,3,4,1,17.5333,9,1530,1,1,0,1,75,0,0,0,0,56
6,24000406,6,1,1,14.8,8,1360,1,1,0,1,115,0,0,0,0,16
6,24000406,6,2,1,14.8667,8,1360,1,1,0,1,115,0,0,0,0,16
6,24000406,6,3,1,14.8667,8,1360,1,1,0,1,115,0,0,0,0,16
6,24000406,6,4,1,14.8,8,1360,1,1,0,1,115,0,0,0,0,16
6,24000406,9,1,1,11.1333,7,1190,2,2,0,1,104,0,0,47,0,70
6,24000406,9,2,1,11.3333,7,1190,2,2,0,1,89,0,0,30,0,42
6,24000406,9,3,1,11.3333,7,1190,2,2,0,1,89,0,0,30,0,42
6,24000406,12,1,1,14,8,1360,2,2,0,1,131,0,0,0,0,0
6,24000406,12,2,1,14.1333,8,1360,2,2,0,1,131,0,0,0,0,0
6,24000406,12,3,1,14.1333,8,1360,2,2,0,1,131,0,0,0,0,0
6,24000406,16,0,1,13.7,8,1360,2,2,0,1,99,0,0,0,0,32
6,24000506,3,1,1,12.1667,7,1190,1,1,0,1,89,0,0,0,0,42
6,24000506,3,2,1,12.2,7,1190,1,1,0,1,89,0,0,0,0,42
6,24000506,3,3,1,17.7,9,1530,1,1,0,1,103,0,0,0,0,28
6,24000506,3,4,1,17.5333,9,1530,1,1,0,1,75,0,0,0,0,56
6,24000506,6,1,1,14.8,8,1360,1,1,0,1,115,0,0,0,0,16
6,24000506,6,2,1,14.8667,8,1360,1,1,0,1,115,0,0,0,0,16
6,24000506,6,3,1,14.8667,8,1360,1,1,0,1,115,0,0,0,0,16
6,24000506,6,4,1,14.8,8,1360,1,1,0,1,115,0,0,0,0,16
6,24000506,9,1,1,11.1333,7,1190,2,2,0,1,104,0,0,47,0,70
6,24000506,9,2,1,11.3333,7,1190,2,2,0,1,89,0,0,30,0,42
6,24000506,9,3,1,11.3333,7,1190,2,2,0,1,89,0,0,30,0,42
6,24000506,12,1,1,14,8,1360,2,2,0,1,131,0,0,0,0,0
6,24000506,12,2,1,14.1333,8,1360,2,2,0,1,131,0,0,0,0,0
6,24000506,12,3,1,14.1333,8,1360,2,2,0,1,131,0,0,0,0,0
6,24000506,16,0,1,13.7,8,1360,2,2,0,1,99,0,0,0,0,32
6,24000606,3,1,1,12.1667,7,1190,1,1,0,1,89,0,0,0,0,42
6,24000606,3,2,1,12.2,7,1190,1,1,0,1,89,0,0,0,0,42
6,24000606,3,3,1,17.7,9,1530,1,1,0,1,103,0,0,0,0,28
6,24000606,3,4,1,17.5333,9,1530,1,1,0,1,75,0,0,0,0,56
6,24000606,6,1,1,14.8,8,1360,1,1,0,1,115,0,0,0,0,16
6,24000606,6,2,1,14.8667,8,1360,1,1,0,1,115,0,0,0,0,16
6,24000606,6,3,1,14.8667,8,1360,1,1,0,1,115,0,0,0,0,16
6,24000606,6,4,1,14.8,8,1360,1,1,0,1,115,0,0,0,0,16
6,24000606,9,1,1,11.1333,7,1190,2,2,0,1,104,0,0,47,0,70
6,24000606,9,2,1,11.3333,7,1190,2,2,0,1,89,0,0,30,0,42
6,24000606,9,3,1,11.3333,7,1190,2,2,0,1,89,0,0,30,0,42
6,24000606,12,1,1,14,8,1360,2,2,0,1,131,0,0,0,0,0
6,24000606,12,2,1,14.1333,8,1360,2,2,0,1,131,0,0,0,0,0
6,24000606,12,3,1,14.1333,8,1360,2,2,0,1,131,0,0,0,0,0
6,24000606,16,0,1,13.7,8,1360,2,2,0,1,99,0,0,0,0,32
6,24000706,3,1,1,12.1667,7,1190,1,1,0,1,89,0,0,0,0,42
6,24000706,3,2,1,12.2,7,1190,1,1,0,1,89,0,0,0,0,42
6,24000706,3,3,1,17.7,9,1530,1,1,0,1,103,0,0,0,0,28
6,24000706,3,4,1,17.5333,9,1530,1,1,0,1,75,0,0,0,0,56
6,24000706,6,1,1,14.8,8,1360,1,1,0,1,115,0,0,0,0,16
6,24000706,6,2,1,14.8667,8,1360,1,1,0,1,115,0,0,0,0,16
6,24000706,6,3,1,14.8667,8,1360,1,1,0,1,115,0,0,0,0,16
6,24000706,6,4,1,14.8,8,1360,1,1,0,1,115,0,0,0,0,16
6,24000706,9,1,1,11.1333,7,1190,2,2,0,1,104,0,0,47,0,70
6,24000706,9,2,1,11.3333,7,1190,2,2,0,1,89,0,0,30,0,42
6,24000706,9,3,1,11.3333,7,1190,2,2,0,1,89,0,0,30,0,42
6,24000706,12,1,1,14,8,1360,2,2,0,1,131,0,0,0,0,0
6,24000706,12,2,1,14.1333,8,1360,2,2,0,1,131,0,0,0,0,0
6,24000706,12,3,1,14.1333,8,1360,2,2,0,1,131,0,0,0,0,0
6,24000706,16,0,1,13.7,8,1360,2,2,0,1,99,0,0,0,0,32
6,24000806,3,1,1,12.1667,7,1190,1,1,0,1,89,0,0,0,0,42
6,24000806,3,2,1,12.2,7,1190,1,1,0,1,89,0,0,0,0,42
6,24000806,3,3,1,17.7,9,1530,1,1,0,1,103,0,0,0,0,28
6,24000806,3,4,1,17.5333,9,1530,1,1,0,1,75,0,0,0,0,56
6,24000806,6,1,1,14.8,8,1360,1,1,0,1,115,0,0,0,0,16
6,24000806,6,2,1,14.8667,8,1360,1,1,0,1,115,0,0,0,0,16
6,24000806,6,3,1,14.8667,8,1360,1,1,0,1,115,0,0,0,0,16
6,24000806,6,4,1,14.8,8,1360,1,1,0,1,115,0,0,0,0,16
6,24000806,9,1,1,11.1333,7,1190,2,2,0,1,104,0,0,47,0,70
6,24000806,9,2,1,11.3333,7,1190,2,2,0,1,89,0,0,30,0,42
6,24000806,9,3,1,11.3333,7,1190,2,2,0,1,89,0,0,30,0,42
6,24000806,12,1,1,14,8,1360,2,2,0,1,131,0,0,0,0,0
6,24000806,12,2,1,14.1333,8,1360,2,2,0,1,131,0,0,0,0,0
6,24000806,12,3,1,14.1333,8,1360,2,2,0,1,131,0,0,0,0,0
6,24000806,16,0,1,13.7,8,1360,2,2,0,1,99,0,0,0,0,32
6,24000906,3,1,1,12.1667,7,1190,1,1,0,1,89,0,0,0,0,42
6,24000906,3,2,1,12.2,7,1190,1,1,0,1,89,0,0,0,0,42
6,24000906,3,3,1,17.7,9,1530,1,1,0,1,103,0,0,0,0,28
6,24000906,3,4,1,17.5333,9,1530,1,1,0,1,75,0,0,0,0,56
6,24000906,6,1,1,14.8,8,1360,1,1,0,1,115,0,0,0,0,16
6,24000906,6,2,1,14.8667,8,1360,1,1,0,1,115,0,0,0,0,16
6,24000906,6,3,1,14.8667,8,1360,1,1,0,1,115,0,0,0,0,16
6,24000906,6,4,1,14.8,8,1360,1,1,0,1,115,0,0,0,0,16
6,24000906,9,1,1,11.1333,7,1190,2,2,0,1,104,0,0,47,0,70
6,24000906,9,2,1,11.3333,7,1190,2,2,0,1,89,0,0,30,0,42
6,24000906,9,3,1,11.3333,7,1190,2,2,0,1,89,0,0,30,0,42
6,24000906,12,1,1,14,8,1360,2,2,0,1,131,0,0,0,0,0
6,24000906,12,2,1,14.1333,8,1360,2,2,0,1,131,0,0,0,0,0
6,24000906,12,3,1,14.1333,8,1360,2,2,0,1,131,0,0,0,0,0
6,24000906,16,0,1,13.7,8,1360,2,2,0,1,99,0,0,0,0,32
6,24001006,3,1,1,12.1667,7,1190,1,1,0,1,89,0,0,0,0,42
6,24001006,3,2,1,12.2,7,1190,1,1,0,1,89,0,0,0,0,42
6,24001006,3,3,1,17.7,9,1530,1,1,0,1,103,0,0,0,0,28
6,24001006,3,4,1,17.5333,9,1530,1,1,0,1,75,0,0,0,0,56
6,24001006,6,1,1,14.8,8,1360,1,1,0,1,115,0,0,0,0,16
6,24001006,6,2,1,14.8667,8,1360,1,1,0,1,115,0,0,0,0,16
6,24001006,6,3,1,14.8667,8,1360,1,1,0,1,115,0,0,0,0,16
6,24001006,6,4,1,14.8,8,1360,1,1,0,1,115,0,0,0,0,16
6,24001006,9,1,1,11.1333,7,1190,2,2,0,1,104,0,0,47,0,70
6,24001006,9,2,1,11.3333,7,1190,2,2,0,1,89,0,0,30,0,42
6,24001006,9,3,1,11.3333,7,1190,2,2,0,1,89,0,0,30,0,42
6,24001006,12,1,1,14,8,1360,2,2,0,1,131,0,0,0,0,0
6,24001006,12,2,1,14.1333,8,1360,2,2,0,1,131,0,0,0,0,0
6,24001006,12,3,1,14.1333,8,1360,2,2,0,1,131,0,0,0,0,0
6,24001006,16,0,1,13.7,8,1360,2,2,0,1,99,0,0,0,0,32
6,24001106,3,1,1,12.1667,7,1190,1,1,0,1,89,0,0,0,0,42
6,24001106,3,2,1,12.2,7,1190,1,1,0,1,89,0,0,0,0,42
6,24001106,3,3,1,17.7,9,1530,1,1,0,1,103,0,0,0,0,28
6,24001106,3,4,1,17.5333,9,1530,1,1,0,1,75,0,0,0,0,56
6,24001106,6,1,1,14.8,8,1360,1,1,0,1,115,0,0,0,0,16
6,24001106,6,2,1,14.8667,8,1360,1,1,0,1,115,0,0,0,0,16
6,24001106,6,3,1,14.8667,8,1360,1,1,0,1,115,0,0,0,0,16
6,24001106,6,4,1,14.8,8,1360,1,1,0,1,115,0,0,0,0,16
6,24001106,9,1,1,11.1333,7,1190,2,2,0,1,104,0,0,47,0,70
6,24001106,9,2,1,11.3333,7,1190,2,2,0,1,89,0,0,30,0,42
6,24001106,9,3,1,11.3333,7,1190,2,2,0,1,89,0,0,30,0,42
6,24001106,12,1,1,14,8,1360,2,2,0,1,131,0,0,0,0,0
6,24001106,12,2,1,14.1333,8,1360,2,2,0,1,131,0,0,0,0,0
6,24001106,12,3,1,14.1333,8,1360,2,2,0,1,131,0,0,0,0,0
6,24001106,16,0,1,13.7,8,1360,2,2,0,1,99,0,0,0,0,32
6,24001206,3,1,1,12.1667,7,1190,1,1,0,1,89,0,0,0,0,42
6,24001206,3,2,1,12.2,7,1190,1,1,0,1,89,0,0,0,0,42
6,24001206,3,3,1,17.7,9,1530,1,1,0,1,103,0,0,0,0,28
6,24001206,3,4,1,17.5333,9,1530,1,1,0,1,75,0,0,0,0,56
6,24001206,6,1,1,14.8,8,1360,1,1,0,1,115,0,0,0,0,16
6,24001206,6,2,1,14.8667,8,1360,1,1,0,1,115,0,0,0,0,16
6,24001206,6,3,1,14.8667,8,1360,1,1,0,1,115,0,0,0,0,16
6,24001206,6,4,1,14.8,8,1360,1,1,0,1,115,0,0,0,0,16
6,24001206,9,1,1,11.1333,7,1190,2,2,0,1,104,0,0,47,0,70
6,24001206,9,2,1,11.3333,7,1190,2,2,0,1,89,0,0,30,0,42
6,24001206,9,3,1,11.3333,7,1190,2,2,0,1,89,0,0,30,0,42
6,24001206,12,1,1,14,8,1360,2,2,0,1,131,0,0,0,0,0
6,24001206,12,2,1,14.1333,8,1360,2,2,0,1,131,0,0,0,0,0
6,24001206,12,3,1,14.1333,8,1360,2,2,0,1,131,0,0,0,0,0
6,24001206,16,0,1,13.7,8,1360,2,2,0,1,99,0,0,0,0,32
6,24001306,3,1,1,12.1667,7,1190,1,1,0,1,89,0,0,0,0,42
6,24001306,3,2,1,12.2,7,1190,1,1,0,1,89,0,0,0,0,42
6,24001306,3,3,1,17.7,9,1530,1,1,0,1,103,0,0,0,0,28
6,24001306,3,4,1,17.5333,9,1530,1,1,0,1,75,0,0,0,0,56
6,24001306,6,1,1,14.8,8,1360,1,1,0,1,115,0,0,0,0,16
6,24001306,6,2,1,14.8667,8,1360,1,1,0,1,115,0,0,0,0,16
6,24001306,6,3,1,14.8667,8,1360,1,1,0,1,115,0,0,0,0,16
6,24001306,6,4,1,14.8,8,1360,1,1,0,1,115,0,0,0,0,16
6,24001306,9,1,1,11.1333,7,1190,2,2,0,1,104,0,0,47,0,70
6,24001306,9,2,1,11.3333,7,1190,2,2,0,1,89,0,0,30,0,42
6,24001306,9,3,1,11.3333,7,1190,2,2,0,1,89,0,0,30,0,42
6,24001306,12,1,1,14,8,1360,2,2,0,1,131,0,0,0,0,0
6,24001306,12,2,1,14.1333,8,1360,2,2,0,1,131,0,0,0,0,0
6,24001306,12,3,1,14.1333,8,1360,2,2,0,1,131,0,0,0,0,0
6,24001306,16,0,1,13.7,8,1360,2,2,0,1,99,0,0,0,0,32
6,24001406,3,1,1,12.1667,7,1190,1,1,0,1,89,0,0,0,0,42
6,24001406,3,2,1,12.2,7,1190,1,1,0,1,89,0,0,0,0,42
6,24001406,3,3,1,17.7,9,1530,1,1,0,1,103,0,0,0,0,28
6,24001406,3,4,1,17.5333,9,1530,1,1,0,1,75,0,0,0,0,56
6,24001406,6,1,1,14.8,8,1360,1,1,0,1,115,0,0,0,0,16
6,24001406,6,2,1,14.8667,8,1360,1,1,0,1,115,0,0,0,0,16
6,24001406,6,3,1,14.8667,8,1360,1,1,0,1,115,0,0,0,0,16
6,24001406,6,4,1,14.8,8,1360,1,1,0,1,115,0,0,0,0,16
6,24001406,9,1,1,11.1333,7,1190,2,2,0,1,104,0,0,47,0,70
6,24001406,9,2,1,11.3333,7,1190,2,2,0,1,89,0,0,30,0,42
6,24001406,9,3,1,11.3333,7,1190,2,2,0,1,89,0,0,30,0,42
6,24001406,12,1,1,14,8,1360,2,2,0,1,131,0,0,0,0,0
6,24001406,12,2,1,14.1333,8,1360,2,2,0,1,131,0,0,0,0,0
6,24001406,12,3,1,14.1333,8,1360,2,2,0,1,131,0,0,0,0,0
6,24001406,16,0,1,13.7,8,1360,2,2,0,1,99,0,0,0,0,32
6,24001506,3,1,1,12.1667,7,1190,1,1,0,1,89,0,0,0,0,42
6,24001506,3,2,1,12.2,7,1190,1,1,0,1,89,0,0,0,0,42
6,24001506,3,3,1,17.7,9,1530,1,1,0,1,103,0,0,0,0,28
6,24001506,3,4,1,17.5333,9,1530,1,1,0,1,75,0,0,0,0,56
6,24001506,6,1,1,14.8,8,1360,1,1,0,1,115,0,0,0,0,16
6,24001506,6,2,1,14.8667,8,1360,1,1,0,1,115,0,0,0,0,16
6,24001506,6,3,1,14.8667,8,1360,1,1,0,1,115,0,0,0,0,16
6,24001506,6,4,1,14.8,8,1360,1,1,0,1,115,0,0,0,0,16
6,24001506,9,1,1,11.1333,7,1190,2,2,0,1,104,0,0,47,0,70
6,24001506,9,2,1,11.3333,7,1190,2,2,0,1,89,0,0,30,0,42
6,24001506,9,3,1,11.3333,7,1190,2,2,0,1,89,0,0,30,0,42
6,24001506,12,1,1,14,8,1360,2,2,0,1,131,0,0,0,0,0
6,24001506,12,2,1,14.1333,8,1360,2,2,0,1,131,0,0,0,0,0
6,24001506,12,3,1,14.1333,8,1360,2,2,0,1,131,0,0,0,0,0
6,24001506,16,0,1,13.7,8,1360,2,2,0,1,99,0,0,0,0,32
6,24001606,3,1,1,12.1667,7,1190,1,1,0,1,89,0,0,0,0,42
6,24001606,3,2,1,12.2,7,1190,1,1,0,1,89,0,0,0,0,42
6,24001606,3,3,1,17.7,9,1530,1,1,0,1,103,0,0,0,0,28
6,24001606,3,4,1,17.5333,9,1530,1,1,0,1,75,0,0,0,0,56
6,24001606,6,1,1,14.8,8,1360,1,1,0,1,115,0,0,0,0,16
6,24001606,6,2,1,14.8667,8,1360,1,1,0,1,115,0,0,0,0,16
6,24001606,6,3,1,14.8667,8,1360,1,1,0,1,115,0,0,0,0,16
6,24001606,6,4,1,14.8,8,1360,1,1,0,1,115,0,0,0,0,16
6,24001606,9,1,1,11.1333,7,1190,2,2,0,1,104,0,0,47,0,70
6,24001606,9,2,1,11.3333,7,1190,2,2,0,1,89,0,0,30,0,42
6,24001606,9,3,1,11.3333,7,1190,2,2,0,1,89,0,0,30,0,42
6,24001606,12,1,1,14,8,1360,2,2,0,1,131,0,0,0,0,0
6,24001606,12,2,1,14.1333,8,1360,2,2,0,1,131,0,0,0,0,0
6,24001606,12,3,1,14.1333,8,1360,2,2,0,1,131,0,0,0,0,0
6,24001606,16,0,1,13.7,8,1360,2,2,0,1,99,0,0,0,0,32
6,24001706,3,1,1,12.1667,7,1190,1,1,0,1,89,0,0,0,0,42
6,24001706,3,2,1,12.2,7,1190,1,1,0,1,89,0,0,0,0,42
6,24001706,3,3,1,17.7,9,1530,1,1,0,1,103,0,0,0,0,28
6,24001706,3,4,1,17.5333,9,1530,1,1,0,1,75,0,0,0,0,56
6,24001706,6,1,1,14.8,8,1360,1,1,0,1,115,0,0,0,0,16
6,24001706,6,2,1,14.8667,8,1360,1,1,0,1,115,0,0,0,0,16
6,24001706,6,3,1,14.8667,8,1360,1,1,0,1,115,0,0,0,0,16
6,24001706,6,4,1,14.8,8,1360,1,1,0,1,115,0,0,0,0,16
6,24001706,9,1,1,11.1333,7,1190,2,2,0,1,104,0,0,47,0,70
6,24001706,9,2,1,11.3333,7,1190,2,2,0,1,89,0,0,30,0,42
6,24001706,9,3,1,11.3333,7,1190,2,2,0,1,89,0,0,30,0,42
6,24001706,12,1,1,14,8,1360,2,2,0,1,131,0,0,0,0,0
6,24001706,12,2,1,14.1333,8,1360,2,2,0,1,131,0,0,0,0,0
6,24001706,12,3,1,14.1333,8,1360,2,2,0,1,131,0,0,0,0,0
6,24001706,16,0,1,13.7,8,1360,2,2,0,1,99,0,0,0,0,32
6,24001806,3,1,1,12.1667,7,1190,1,1,0,1,89,0,0,0,0,42
6,24001806,3,2,1,12.2,7,1190,1,1,0,1,89,0,0,0,0,42
6,24001806,3,3,1,17.7,9,1530,1,1,0,1,103,0,0,0,0,28
6,24001806,3,4,1,17.5333,9,1530,1,1,0,1,75,0,0,0,0,56
6,24001806,6,1,1,14.8,8,1360,1,1,0,1,115,0,0,0,0,16
6,24001806,6,2,1,14.8667,8,1360,1,1,0,1,115,0,0,0,0,16
6,24001806,6,3,1,14.8667,8,1360,1,1,0,1,115,0,0,0,0,16
6,24001806,6,4,1,14.8,8,1360,1,1,0,1,115,0,0,0,0,16
6,24001806,9,1,1,11.1333,7,1190,2,2,0,1,104,0,0,47,0,70
6,24001806,9,2,1,11.3333,7,1190,2,2,0,1,89,0,0,30,0,42
6,24001806,9,3,1,11.3333,7,1190,2,2,0,1,89,0,0,30,0,42
6,24001806,12,1,1,14,8,1360,2,2,0,1,131,0,0,0,0,0
6,24001806,12,2,1,14.1333,8,1360,2,2,0,1,131,0,0,0,0,0
6,24001806,12,3,1,14.1333,8,1360,2,2,0,1,131,0,0,0,0,0
6,24001806,16,0,1,13.7,8,1360,2,2,0,1,99,0,0,0,0,32
6,24001906,3,1,1,12.1667,7,1190,1,1,0,1,89,0,0,0,0,42
6,24001906,3,2,1,12.2,7,1190,1,1,0,1,89,0,0,0,0,42
6,24001906,3,3,1,17.7,9,1530,1,1,0,1,103,0,0,0,0,28
6,24001906,3,4,1,17.5333,9,1530,1,1,0,1,75,0,0,0,0,56
6,24001906,6,1,1,14.8,8,1360,1,1,0,1,115,0,0,0,0,16
6,24001906,6,2,1,14.8667,8,1360,1,1,0,1,115,0,0,0,0,16
6,24001906,6,3,1,14.8667,8,1360,1,1,0,1,115,0,0,0,0,16
6,24001906,6,4,1,14.8,8,1360,1,1,0,1,115,0,0,0,0,16
6,24001906,9,1,1,11.1333,7,1190,2,2,0,1,104,0,0,47,0,70
6,24001906,9,2,1,11.3333,7,1190,2,2,0,1,89,0,0,30,0,42
6,24001906,9,3,1,11.3333,7,1190,2,2,0,1,89,0,0,30,0,42
6,24001906,12,1,1,14,8,1360,2,2,0,1,131,0,0,0,0,0
6,24001906,12,2,1,14.1333,8,1360,2,2,0,1,131,0,0,0,0,0
6,24001906,12,3,1,14.1333,8,1360,2,2,0,1,131,0,0,0,0,0
6,24001906,16,0,1,13.7,8,1360,2,2,0,1,99,0,0,0,0,32
6,24002006,3,1,1,12.1667,7,1190,1,1,0,1,89,0,0,0,0,42
6,24002006,3,2,1,12.2,7,1190,1,1,0,1,89,0,0,0,0,42
6,24002006,3,3,1,17.7,9,1530,1,1,0,1,103,0,0,0,0,28
6,24002006,3,4,1,17.5333,9,1530,1,1,0,1,75,0,0,0,0,56
6,24002006,6,1,1,14.8,8,1360,1,1,0,1,115,0,0,0,0,16
6,24002006,6,2,1,14.8667,8,1360,1,1,0,1,115,0,0,0,0,16
6,24002006,6,3,1,14.8667,8,1360,1,1,0,1,115,0,0,0,0,16
6,24002006,6,4,1,14.8,8,1360,1,1,0,1,115,0,0,0,0,16
6,24002006,9,1,1,11.1333,7,1190,2,2,0,1,104,0,0,47,0,70
6,24002006,9,2,1,11.3333,7,1190,2,2,0,1,89,0,0,30,0,42
6,24002006,9,3,1,11.3333,7,1190,2,2,0,1,89,0,0,30,0,42
6,24002006,12,1,1,14,8,1360,2,2,0,1,131,0,0,0,0,0
6,24002006,12,2,1,14.1333,8,1360,2,2,0,1,131,0,0,0,0,0
6,24002006,12,3,1,14.1333,8,1360,2,2,0,1,131,0,0,0,0,0
6,24002006,16,0,1,13.7,8,1360,2,2,0,1,99,0,0,0,0,32
6,24002106,3,1,1,12.1667,7,1190,1,1,0,1,89,0,0,0,0,42
6,24002106,3,2,1,12.2,7,1190,1,1,0,1,89,0,0,0,0,42
6,24002106,3,3,1,17.7,9,1530,1,1,0,1,103,0,0,0,0,28
6,24002106,3,4,1,17.5333,9,1530,1,1,0,1,75,0,0,0,0,56
6,24002106,6,1,1,14.8,8,1360,1,1,0,1,115,0,0,0,0,16
6,24002106,6,2,1,14.8667,8,1360,1,1,0,1,115,0,0,0,0,16
6,24002106,6,3,1,14.8667,8,1360,1,1,0,1,115,0,0,0,0,16
6,24002106,6,4,1,14.8,8,1360,1,1,0,1,115,0,0,0,0,16
6,24002106,9,1,1,11.1333,7,1190,2,2,0,1,104,0,0,47,0,70
6,24002106,9,2,1,11.3333,7,1190,2,2,0,1,89,0,0,30,0,42
6,24002106,9,3,1,11.3333,7,1190,2,2,0,1,89,0,0,30,0,42
6,24002106,12,1,1,14,8,1360,2,2,0,1,131,0,0,0,0,0
6,24002106,12,2,1,14.1333,8,1360,2,2,0,1,131,0,0,0,0,0
6,24002106,12,3,1,14.1333,8,1360,2,2,0,1,131,0,0,0,0,0
6,24002106,16,0,1,13.7,8,1360,2,2,0,1,99,0,0,0,0,32
6,24002206,3,1,1,12.1667,7,1190,1,1,0,1,89,0,0,0,0,42
6,24002206,3,2,1,12.2,7,1190,1,1,0,1,89,0,0,0,0,42
6,24002206,3,3,1,17.7,9,1530,1,1,0,1,103,0,0,0,0,28
6,24002206,3,4,1,17.5333,9,1530,1,1,0,1,75,0,0,0,0,56
6,24002206,6,1,1,14.8,8,1360,1,1,0,1,115,0,0,0,0,16
6,24002206,6,2,1,14.8667,8,1360,1,1,0,1,115,0,0,0,0,16
6,24002206,6,3,1,14.8667,8,1360,1,1,0,1,115,0,0,0,0,16
6,24002206,6,4,1,14.8,8,1360,1,1,0,1,115,0,0,0,0,16
6,24002206,9,1,1,11.1333,7,1190,2,2,0,1,104,0,0,47,0,70
6,24002206,9,2,1,11.3333,7,1190,2,2,0,1,89,0,0,30,0,42
6,24002206,9,3,1,11.3333,7,1190,2,2,0,1,89,0,0,30,0,42
6,24002206,12,1,1,14,8,1360,2,2,0,1,131,0,0,0,0,0
6,24002206,12,2,1,14.1333,8,1360,2,2,0,1,131,0,0,0,0,0
6,24002206,12,3,1,14.1333,8,1360,2,2,0,1,131,0,0,0,0,0
6,24002206,16,0,1,13.7,8,1360,2,2,0,1,99,0,0,0,0,32
6,24002306,3,1,1,12.1667,7,1190,1,1,0,1,89,0,0,0,0,42
6,24002306,3,2,1,12.2,7,1190,1,1,0,1,89,0,0,0,0,42
6,24002306,3,3,1,17.7,9,1530,1,1,0,1,103,0,0,0,0,28
6,24002306,3,4,1,17.5333,9,1530,1,1,0,1,75,0,0,0,0,56
6,24002306,6,1,1,14.8,8,1360,1,1,0,1,115,0,0,0,0,16
6,24002306,6,2,1,14.8667,8,1360,1,1,0,1,115,0,0,0,0,16
6,24002306,6,3,1,14.8667,8,1360,1,1,0,1,115,0,0,0,0,16
6,24002306,6,4,1,14.8,8,1360,1,1,0,1,115,0,0,0,0,16
6,24002306,9,1,1,11.1333,7,1190,2,2,0,1,104,0,0,47,0,70
6,24002306,9,2,1,11.3333,7,1190,2,2,0,1,89,0,0,30,0,42
6,24002306,9,3,1,11.3333,7,1190,2,2,0,1,89,0,0,30,0,42
6,24002306,12,1,1,14,8,1360,2,2,0,1,131,0,0,0,0,0
6,24002306,12,2,1,14.1333,8,1360,2,2,0,1,131,0,0,0,0,0
6,24002306,12,3,1,14.1333,8,1360,2,2,0,1,131,0,0,0,0,0
6,24002306,16,0,1,13.7,8,1360,2,2,0,1,99,0,0,0,0,32
35,24000035,3,1,1,20.2667,10,1700,1,1,0,1,50,0,0,0,0,84
35,24000035,3,2,1,17.6,9,1530,1,1,0,1,64,0,0,0,0,70
35,24000035,3,3,1,28.4333,13,2210,1,1,0,1,73,0,0,0,0,28
35,24000035,3,4,1,17.5667,9,1530,1,1,0,1,73,0,0,0,0,28
35,24000035,6,1,1,17.5333,9,1530,1,1,0,1,69,0,0,0,0,32
35,24000035,6,2,1,17.6667,9,1530,1,1,0,1,69,0,0,0,0,32
35,24000035,6,3,1,17.6667,9,1530,1,1,0,1,69,0,0,0,0,32
35,24000035,6,4,1,17.5333,9,1530,1,1,0,1,69,0,0,0,0,32
35,24000035,9,1,1,14.0333,8,1360,2,2,0,1,78,0,0,38,0,56
35,24000035,9,2,1,14.1,8,1360,2,2,0,1,78,0,0,46,0,56
35,24000035,9,3,1,14.1,8,1360,2,2,0,1,78,0,0,46,0,56
35,24000035,12,1,1,16.7333,9,1530,2,2,0,1,101,0,0,0,0,0
35,24000035,12,2,1,16.8667,9,1530,2,2,0,1,101,0,0,0,0,0
35,24000035,12,3,1,16.8667,9,1530,2,2,0,1,101,0,0,0,0,0
35,24000035,16,0,1,16.3667,9,1530,2,2,0,1,69,0,0,0,0,32
35,24000135,3,1,1,20.2667,10,1700,1,1,0,1,50,0,0,0,0,84
35,24000135,3,2,1,17.6,9,1530,1,1,0,1,64,0,0,0,0,70
35,24000135,3,3,1,28.4333,13,2210,1,1,0,1,73,0,0,0,0,28
35,24000135,3,4,1,17.5667,9,1530,1,1,0,1,73,0,0,0,0,28
35,24000135,6,1,1,17.5333,9,1530,1,1,0,1,69,0,0,0,0,32
35,24000135,6,2,1,17.6667,9,1530,1,1,0,1,69,0,0,0,0,32
35,24000135,6,3,1,17.6667,9,1530,1,1,0,1,69,0,0,0,0,32
35,24000135,6,4,1,17.5333,9,1530,1,1,0,1,69,0,0,0,0,32
35,24000135,9,1,1,14.0333,8,1360,2,2,0,1,78,0,0,38,0,56
35,24000135,9,2,1,14.1,8,1360,2,2,0,1,78,0,0,46,0,56
35,24000135,9,3,1,14.1,8,1360,2,2,0,1,78,0,0,46,0,56
35,24000135,12,1,1,16.7333,9,1530,2,2,0,1,101,0,0,0,0,0
35,24000135,12,2,1,16.8667,9,1530,2,2,0,1,101,0,0,0,0,0
35,24000135,12,3,1,16.8667,9,1530,2,2,0,1,101,0,0,0,0,0
35,24000135,16,0,1,16.3667,9,1530,2,2,0,1,69,0,0,0,0,32
35,24000235,3,1,1,20.2667,10,1700,1,1,0,1,50,0,0,0,0,84
35,24000235,3,2,1,17.6,9,1530,1,1,0,1,64,0,0,0,0,70
35,24000235,3,3,1,28.4333,13,2210,1,1,0,1,73,0,0,0,0,28
35,24000235,3,4,1,17.5667,9,1530,1,1,0,1,73,0,0,0,0,28
35,24000235,6,1,1,17.5333,9,1530,1,1,0,1,69,0,0,0,0,32
35,24000235,6,2,1,17.6667,9,1530,1,1,0,1,69,0,0,0,0,32
35,24000235,6,3,1,17.6667,9,1530,1,1,0,1,69,0,0,0,0,32
35,24000235,6,4,1,17.5333,9,1530,1,1,0,1,69,0,0,0,0,32
35,24000235,9,1,1,14.0333,8,1360,2,2,0,1,78,0,0,38,0,56
35,24000235,9,2,1,14.1,8,1360,2,2,0,1,78,0,0,46,0,56
35,24000235,9,3,1,14.1,8,1360,2,2,0,1,78,0,0,46,0,56
35,24000235,12,1,1,16.7333,9,1530,2,2,0,1,101,0,0,0,0,0
35,24000235,12,2,1,16.8667,9,1530,2,2,0,1,101,0,0,0,0,0
35,24000235,12,3,1,16.8667,9,1530,2,2,0,1,101,0,0,0,0,0
35,24000235,16,0,1,16.3667,9,1530,2,2,0,1,69,0,0,0,0,32
35,24000335,3,1,1,20.2667,10,1700,1,1,0,1,50,0,0,0,0,84
35,24000335,3,2,1,17.6,9,1530,1,1,0,1,64,0,0,0,0,70
35,24000335,3,3,1,28.4333,13,2210,1,1,0,1,73,0,0,0,0,28
35,24000335,3,4,1,17.5667,9,1530,1,1,0,1,73,0,0,0,0,28
35,24000335,6,1,1,17.5333,9,1530,1,1,0,1,69,0,0,0,0,32
35,24000335,6,2,1,17.6667,9,1530,1,1,0,1,69,0,0,0,0,32
35,24000335,6,3,1,17.6667,9,1530,1,1,0,1,69,0,0,0,0,32
35,24000335,6,4,1,17.5333,9,1530,1,1,0,1,69,0,0,0,0,32
35,24000335,9,1,1,14.0333,8,1360,2,2,0,1,78,0,0,38,0,56
35,24000335,9,2,1,14.1,8,1360,2,2,0,1,78,0,0,46,0,56
35,24000335,9,3,1,14.1,8,1360,2,2,0,1,78,0,0,46,0,56
35,24000335,12,1,1,16.7333,9,1530,2,2,0,1,101,0,0,0,0,0
35,24000335,12,2,1,16.8667,9,1530,2,2,0,1,101,0,0,0,0,0
35,24000335,12,3,1,16.8667,9,1530,2,2,0,1,101,0,0,0,0,0
35,24000335,16,0,1,16.3667,9,1530,2,2,0,1,69,0,0,0,0,32
35,24000435,3,1,1,20.2667,10,1700,1,1,0,1,50,0,0,0,0,84
35,24000435,3,2,1,17.6,9,1530,1,1,0,1,64,0,0,0,0,70
35,24000435,3,3,1,28.4333,13,2210,1,1,0,1,73,0,0,0,0,28
35,24000435,3,4,1,17.5667,9,1530,1,1,0,1,73,0,0,0,0,28
35,24000435,6,1,1,17.5333,9,1530,1,1,0,1,69,0,0,0,0,32
35,24000435,6,2,1,17.6667,9,1530,1,1,0,1,69,0,0,0,0,32
35,24000435,6,3,1,17.6667,9,1530,1,1,0,1,69,0,0,0,0,32
35,24000435,6,4,1,17.5333,9,1530,1,1,0,1,69,0,0,0,0,32
35,24000435,9,1,1,14.0333,8,1360,2,2,0,1,78,0,0,38,0,56
35,24000435,9,2,1,14.1,8,1360,2,2,0,1,78,0,0,46,0,56
35,24000435,9,3,1,14.1,8,1360,2,2,0,1,78,0,0,46,0,56
35,24000435,12,1,1,16.7333,9,1530,2,2,0,1,101,0,0,0,0,0
35,24000435,12,2,1,16.8667,9,1530,2,2,0,1,101,0,0,0,0,0
35,24000435,12,3,1,16.8667,9,1530,2,2,0,1,101,0,0,0,0,0
35,24000435,16,0,1,16.3667,9,1530,2,2,0,1,69,0,0,0,0,32
35,24000535,3,1,1,20.2667,10,1700,1,1,0,1,50,0,0,0,0,84
35,24000535,3,2,1,17.6,9,1530,1,1,0,1,64,0,0,0,0,70
35,24000535,3,3,1,28.4333,13,2210,1,1,0,1,73,0,0,0,0,28
35,24000535,3,4,1,17.5667,9,1530,1,1,0,1,73,0,0,0,0,28
35,24000535,6,1,1,17.5333,9,1530,1,1,0,1,69,0,0,0,0,32
35,24000535,6,2,1,17.6667,9,1530,1,1,0,1,69,0,0,0,0,32
35,24000535,6,3,1,17.6667,9,1530,1,1,0,1,69,0,0,0,0,32
35,24000535,6,4,1,17.5333,9,1530,1,1,0,1,69,0,0,0,0,32
35,24000535,9,1,1,14.0333,8,1360,2,2,0,1,78,0,0,38,0,56
35,24000535,9,2,1,14.1,8,1360,2,2,0,1,78,0,0,46,0,56
35,24000535,9,3,1,14.1,8,1360,2,2,0,1,78,0,0,46,0,56
35,24000535,12,1,1,16.7333,9,1530,2,2,0,1,101,0,0,0,0,0
35,24000535,12,2,1,16.8667,9,1530,2,2,0,1,101,0,0,0,0,0
35,24000535,12,3,1,16.8667,9,1530,2,2,0,1,101,0,0,0,0,0
35,24000535,16,0,1,16.3667,9,1530,2,2,0,1,69,0,0,0,0,32
35,24000635,3,1,1,20.2667,10,1700,1,1,0,1,50,0,0,0,0,84
35,24000635,3,2,1,17.6,9,1530,1,1,0,1,64,0,0,0,0,70
35,24000635,3,3,1,28.4333,13,2210,1,1,0,1,73,0,0,0,0,28
35,24000635,3,4,1,17.5667,9,1530,1,1,0,1,73,0,0,0,0,28
35,24000635,6,1,1,17.5333,9,1530,1,1,0,1,69,0,0,0,0,32
35,24000635,6,2,1,17.6667,9,1530,1,1,0,1,69,0,0,0,0,32
35,24000635,6,3,1,17.6667,9,1530,1,1,0,1,69,0,0,0,0,32
35,24000635,6,4,1,17.5333,9,1530,1,1,0,1,69,0,0,0,0,32
35,24000635,9,1,1,14.0333,8,1360,2,2,0,1,78,0,0,38,0,56
35,24000635,9,2,1,14.1,8,1360,2,2,0,1,78,0,0,46,0,56
35,24000635,9,3,1,14.1,8,1360,2,2,0,1,78,0,0,46,0,56
35,24000635,12,1,1,16.7333,9,1530,2,2,0,1,101,0,0,0,0,0
35,24000635,12,2,1,16.8667,9,1530,2,2,0,1,101,0,0,0,0,0
35,24000635,12,3,1,16.8667,9,1530,2,2,0,1,101,0,0,0,0,0
35,24000635,16,0,1,16.3667,9,1530,2,2,0,1,69,0,0,0,0,32
35,24000735,3,1,1,20.2667,10,1700,1,1,0,1,50,0,0,0,0,84
35,24000735,3,2,1,17.6,9,1530,1,1,0,1,64,0,0,0,0,70
35,24000735,3,3,1,28.4333,13,2210,1,1,0,1,73,0,0,0,0,28
35,24000735,3,4,1,17.5667,9,1530,1,1,0,1,73,0,0,0,0,28
35,24000735,6,1,1,17.5333,9,1530,1,1,0,1,69,0,0,0,0,32
35,24000735,6,2,1,17.6667,9,1530,1,1,0,1,69,0,0,0,0,32
35,24000735,6,3,1,17.6667,9,1530,1,1,0,1,69,0,0,0,0,32
35,24000735,6,4,1,17.5333,9,1530,1,1,0,1,69,0,0,0,0,32
35,24000735,9,1,1,14.0333,8,1360,2,2,0,1,78,0,0,38,0,56
35,24000735,9,2,1,14.1,8,1360,2,2,0,1,78,0,0,46,0,56
35,24000735,9,3,1,14.1,8,1360,2,2,0,1,78,0,0,46,0,56
35,24000735,12,1,1,16.7333,9,1530,2,2,0,1,101,0,0,0,0,0
35,24000735,12,2,1,16.8667,9,1530,2,2,0,1,101,0,0,0,0,0
35,24000735,12,3,1,16.8667,9,1530,2,2,0,1,101,0,0,0,0,0
35,24000735,16,0,1,16.3667,9,1530,2,2,0,1,69,0,0,0,0,32
35,24000835,3,1,1,20.2667,10,1700,1,1,0,1,50,0,0,0,0,84
35,24000835,3,2,1,17.6,9,1530,1,1,0,1,64,0,0,0,0,70
35,24000835,3,3,1,28.4333,13,2210,1,1,0,1,73,0,0,0,0,28
35,24000835,3,4,1,17.5667,9,1530,1,1,0,1,73,0,0,0,0,28
35,24000835,6,1,1,17.5333,9,1530,1,1,0,1,69,0,0,0,0,32
35,24000835,6,2,1,17.6667,9,1530,1,1,0,1,69,0,0,0,0,32
35,24000835,6,3,1,17.6667,9,1530,1,1,0,1,69,0,0,0,0,32
35,24000835,6,4,1,17.5333,9,1530,1,1,0,1,69,0,0,0,0,32
35,24000835,9,1,1,14.0333,8,1360,2,2,0,1,78,0,0,38,0,56
35,24000835,9,2,1,14.1,8,1360,2,2,0,1,78,0,0,46,0,56
35,24000835,9,3,1,14.1,8,1360,2,2,0,1,78,0,0,46,0,56
35,24000835,12,1,1,16.7333,9,1530,2,2,0,1,101,0,0,0,0,0
35,24000835,12,2,1,16.8667,9,1530,2,2,0,1,101,0,0,0,0,0
35,24000835,12,3,1,16.8667,9,1530,2,2,0,1,101,0,0,0,0,0
35,24000835,16,0,1,16.3667,9,1530,2,2,0,1,69,0,0,0,0,32
35,24000935,3,1,1,20.2667,10,1700,1,1,0,1,50,0,0,0,0,84
35,24000935,3,2,1,17.6,9,1530,1,1,0,1,64,0,0,0,0,70
35,24000935,3,3,1,28.4333,13,2210,1,1,0,1,73,0,0,0,0,28
35,24000935,3,4,1,17.5667,9,1530,1,1,0,1,73,0,0,0,0,28
35,24000935,6,1,1,17.5333,9,1530,1,1,0,1,69,0,0,0,0,32
35,24000935,6,2,1,17.6667,9,1530,1,1,0,1,69,0,0,0,0,32
35,24000935,6,3,1,17.6667,9,1530,1,1,0,1,69,0,0,0,0,32
35,24000935,6,4,1,17.5333,9,1530,1,1,0,1,69,0,0,0,0,32
35,24000935,9,1,1,14.0333,8,1360,2,2,0,1,78,0,0,38,0,56
35,24000935,9,2,1,14.1,8,1360,2,2,0,1,78,0,0,46,0,56
35,24000935,9,3,1,14.1,8,1360,2,2,0,1,78,0,0,46,0,56
35,24000935,12,1,1,16.7333,9,1530,2,2,0,1,101,0,0,0,0,0
35,24000935,12,2,1,16.8667,9,1530,2,2,0,1,101,0,0,0,0,0
35,24000935,12,3,1,16.8667,9,1530,2,2,0,1,101,0,0,0,0,0
35,24000935,16,0,1,16.3667,9,1530,2,2,0,1,69,0,0,0,0,32
35,24001035,3,1,1,20.2667,10,1700,1,1,0,1,50,0,0,0,0,84
35,24001035,3,2,1,17.6,9,1530,1,1,0,1,64,0,0,0,0,70
35,24001035,3,3,1,28.4333,13,2210,1,1,0,1,73,0,0,0,0,28
35,24001035,3,4,1,17.5667,9,1530,1,1,0,1,73,0,0,0,0,28
35,24001035,6,1,1,17.5333,9,1530,1,1,0,1,69,0,0,0,0,32
35,24001035,6,2,1,17.6667,9,1530,1,1,0,1,69,0,0,0,0,32
35,24001035,6,3,1,17.6667,9,1530,1,1,0,1,69,0,0,0,0,32
35,24001035,6,4,1,17.5333,9,1530,1,1,0,1,69,0,0,0,0,32
35,24001035,9,1,1,14.0333,8,1360,2,2,0,1,78,0,0,38,0,56
35,24001035,9,2,1,14.1,8,1360,2,2,0,1,78,0,0,46,0,56
35,24001035,9,3,1,14.1,8,1360,2,2,0,1,78,0,0,46,0,56
35,24001035,12,1,1,16.7333,9,1530,2,2,0,1,101,0,0,0,0,0
35,24001035,12,2,1,16.8667,9,1530,2,2,0,1,101,0,0,0,0,0
35,24001035,12,3,1,16.8667,9,1530,2,2,0,1,101,0,0,0,0,0
35,24001035,16,0,1,16.3667,9,1530,2,2,0,1,69,0,0,0,0,32
35,24001135,3,1,1,20.2667,10,1700,1,1,0,1,50,0,0,0,0,84
35,24001135,3,2,1,17.6,9,1530,1,1,0,1,64,0,0,0,0,70
35,24001135,3,3,1,28.4333,13,2210,1,1,0,1,73,0,0,0,0,28
35,24001135,3,4,1,17.5667,9,1530,1,1,0,1,73,0,0,0,0,28
35,24001135,6,1,1,17.5333,9,1530,1,1,0,1,69,0,0,0,0,32
35,24001135,6,2,1,17.6667,9,1530,1,1,0,1,69,0,0,0,0,32
35,24001135,6,3,1,17.6667,9,1530,1,1,0,1,69,0,0,0,0,32
35,24001135,6,4,1,17.5333,9,1530,1,1,0,1,69,0,0,0,0,32
35,24001135,9,1,1,14.0333,8,1360,2,2,0,1,78,0,0,38,0,56
35,24001135,9,2,1,14.1,8,1360,2,2,0,1,78,0,0,46,0,56
35,24001135,9,3,1,14.1,8,1360,2,2,0,1,78,0,0,46,0,56
35,24001135,12,1,1,16.7333,9,1530,2,2,0,1,101,0,0,0,0,0
35,24001135,12,2,1,16.8667,9,1530,2,2,0,1,101,0,0,0,0,0
35,24001135,12,3,1,16.8667,9,1530,2,2,0,1,101,0,0,0,0,0
35,24001135,16,0,1,16.3667,9,1530,2,2,0,1,69,0,0,0,0,32
35,24001235,3,1,1,20.2667,10,1700,1,1,0,1,50,0,0,0,0,84
35,24001235,3,2,1,17.6,9,1530,1,1,0,1,64,0,0,0,0,70
35,24001235,3,3,1,28.4333,13,2210,1,1,0,1,73,0,0,0,0,28
35,24001235,3,4,1,17.5667,9,1530,1,1,0,1,73,0,0,0,0,28
35,24001235,6,1,1,17.5333,9,1530,1,1,0,1,69,0,0,0,0,32
35,24001235,6,2,1,17.6667,9,1530,1,1,0,1,69,0,0,0,0,32
35,24001235,6,3,1,17.6667,9,1530,1,1,0,1,69,0,0,0,0,32
35,24001235,6,4,1,17.5333,9,1530,1,1,0,1,69,0,0,0,0,32
35,24001235,9,1,1,14.0333,8,1360,2,2,0,1,78,0,0,38,0,56
35,24001235,9,2,1,14.1,8,1360,2,2,0,1,78,0,0,46,0,56
35,24001235,9,3,1,14.1,8,1360,2,2,0,1,78,0,0,46,0,56
35,24001235,12,1,1,16.7333,9,1530,2,2,0,1,101,0,0,0,0,0
35,24001235,12,2,1,16.8667,9,1530,2,2,0,1,101,0,0,0,0,0
35,24001235,12,3,1,16.8667,9,1530,2,2,0,1,101,0,0,0,0,0
35,24001235,16,0,1,16.3667,9,1530,2,2,0,1,69,0,0,0,0,32
35,24001335,3,1,1,20.2667,10,1700,1,1,0,1,50,0,0,0,0,84
35,24001335,3,2,1,17.6,9,1530,1,1,0,1,64,0,0,0,0,70
35,24001335,3,3,1,28.4333,13,2210,1,1,0,1,73,0,0,0,0,28
35,24001335,3,4,1,17.5667,9,1530,1,1,0,1,73,0,0,0,0,28
35,24001335,6,1,1,17.5333,9,1530,1,1,0,1,69,0,0,0,0,32
35,24001335,6,2,1,17.6667,9,1530,1,1,0,1,69,0,0,0,0,32
35,24001335,6,3,1,17.6667,9,1530,1,1,0,1,69,0,0,0,0,32
35,24001335,6,4,1,17.5333,9,1530,1,1,0,1,69,0,0,0,0,32
35,24001335,9,1,1,14.0333,8,1360,2,2,0,1,78,0,0,38,0,56
35,24001335,9,2,1,14.1,8,1360,2,2,0,1,78,0,0,46,0,56
35,24001335,9,3,1,14.1,8,1360,2,2,0,1,78,0,0,46,0,56
35,24001335,12,1,1,16.7333,9,1530,2,2,0,1,101,0,0,0,0,0
35,24001335,12,2,1,16.8667,9,1530,2,2,0,1,101,0,0,0,0,0
35,24001335,12,3,1,16.8667,9,1530,2,2,0,1,101,0,0,0,0,0
35,24001335,16,0,1,16.3667,9,1530,2,2,0,1,69,0,0,0,0,32
35,24001435,3,1,1,20.2667,10,1700,1,1,0,1,50,0,0,0,0,84
35,24001435,3,2,1,17.6,9,1530,1,1,0,1,64,0,0,0,0,70
35,24001435,3,3,1,28.4333,13,2210,1,1,0,1,73,0,0,0,0,28
35,24001435,3,4,1,17.5667,9,1530,1,1,0,1,73,0,0,0,0,28
35,24001435,6,1,1,17.5333,9,1530,1,1,0,1,69,0,0,0,0,32
35,24001435,6,2,1,17.6667,9,1530,1,1,0,1,69,0,0,0,0,32
35,24001435,6,3,1,17.6667,9,1530,1,1,0,1,69,0,0,0,0,32
35,24001435,6,4,1,17.5333,9,1530,1,1,0,1,69,0,0,0,0,32
35,24001435,9,1,1,14.0333,8,1360,2,2,0,1,78,0,0,38,0,56
35,24001435,9,2,1,14.1,8,1360,2,2,0,1,78,0,0,46,0,56
35,24001435,9,3,1,14.1,8,1360,2,2,0,1,78,0,0,46,0,56
35,24001435,12,1,1,16.7333,9,1530,2,2,0,1,101,0,0,0,0,0
35,24001435,12,2,1,16.8667,9,1530,2,2,0,1,101,0,0,0,0,0
35,24001435,12,3,1,16.8667,9,1530,2,2,0,1,101,0,0,0,0,0
35,24001435,16,0,1,16.3667,9,1530,2,2,0,1,69,0,0,0,0,32
35,24001535,3,1,1,20.2667,10,1700,1,1,0,1,50,0,0,0,0,84
35,24001535,3,2,1,17.6,9,1530,1,1,0,1,64,0,0,0,0,70
35,24001535,3,3,1,28.4333,13,2210,1,1,0,1,73,0,0,0,0,28
35,24001535,3,4,1,17.5667,9,1530,1,1,0,1,73,0,0,0,0,28
35,24001535,6,1,1,17.5333,9,1530,1,1,0,1,69,0,0,0,0,32
35,24001535,6,2,1,17.6667,9,1530,1,1,0,1,69,0,0,0,0,32
35,24001535,6,3,1,17.6667,9,1530,1,1,0,1,69,0,0,0,0,32
35,24001535,6,4,1,17.5333,9,1530,1,1,0,1,69,0,0,0,0,32
35,24001535,9,1,1,14.0333,8,1360,2,2,0,1,78,0,0,38,0,56
35,24001535,9,2,1,14.1,8,1360,2,2,0,1,78,0,0,46,0,56
35,24001535,9,3,1,14.1,8,1360,2,2,0,1,78,0,0,46,0,56
35,24001535,12,1,1,16.7333,9,1530,2,2,0,1,101,0,0,0,0,0
35,24001535,12,2,1,16.8667,9,1530,2,2,0,1,101,0,0,0,0,0
35,24001535,12,3,1,16.8667,9,1530,2,2,0,1,101,0,0,0,0,0
35,24001535,16,0,1,16.3667,9,1530,2,2,0,1,69,0,0,0,0,32
35,24001635,3,1,1,20.2667,10,1700,1,1,0,1,50,0,0,0,0,84
35,24001635,3,2,1,17.6,9,1530,1,1,0,1,64,0,0,0,0,70
35,24001635,3,3,1,28.4333,13,2210,1,1,0,1,73,0,0,0,0,28
35,24001635,3,4,1,17.5667,9,1530,1,1,0,1,73,0,0,0,0,28
35,24001635,6,1,1,17.5333,9,1530,1,1,0,1,69,0,0,0,0,32
35,24001635,6,2,1,17.6667,9,1530,1,1,0,1,69,0,0,0,0,32
35,24001635,6,3,1,17.6667,9,1530,1,1,0,1,69,0,0,0,0,32
35,24001635,6,4,1,17.5333,9,1530,1,1,0,1,69,0,0,0,0,32
35,24001635,9,1,1,14.0333,8,1360,2,2,0,1,78,0,0,38,0,56
35,24001635,9,2,1,14.1,8,1360,2,2,0,1,78,0,0,46,0,56
35,24001635,9,3,1,14.1,8,1360,2,2,0,1,78,0,0,46,0,56
35,24001635,12,1,1,16.7333,9,1530,2,2,0,1,101,0,0,0,0,0
35,24001635,12,2,1,16.8667,9,1530,2,2,0,1,101,0,0,0,0,0
35,24001635,12,3,1,16.8667,9,1530,2,2,0,1,101,0,0,0,0,0
35,24001635,16,0,1,16.3667,9,1530,2,2,0,1,69,0,0,0,0,32
35,24001735,3,1,1,20.2667,10,1700,1,1,0,1,50,0,0,0,0,84
35,24001735,3,2,1,17.6,9,1530,1,1,0,1,64,0,0,0,0,70
35,24001735,3,3,1,28.4333,13,2210,1,1,0,1,73,0,0,0,0,28
35,24001735,3,4,1,17.5667,9,1530,1,1,0,1,73,0,0,0,0,28
35,24001735,6,1,1,17.5333,9,1530,1,1,0,1,69,0,0,0,0,32
35,24001735,6,2,1,17.6667,9,1530,1,1,0,1,69,0,0,0,0,32
35,24001735,6,3,1,17.6667,9,1530,1,1,0,1,69,0,0,0,0,32
35,24001735,6,4,1,17.5333,9,1530,1,1,0,1,69,0,0,0,0,32
35,24001735,9,1,1,14.0333,8,1360,2,2,0,1,78,0,0,38,0,56
35,24001735,9,2,1,14.1,8,1360,2,2,0,1,78,0,0,46,0,56
35,24001735,9,3,1,14.1,8,1360,2,2,0,1,78,0,0,46,0,56
35,24001735,12,1,1,16.7333,9,1530,2,2,0,1,101,0,0,0,0,0
35,24001735,12,2,1,16.8667,9,1530,2,2,0,1,101,0,0,0,0,0
35,24001735,12,3,1,16.8667,9,1530,2,2,0,1,101,0,0,0,0,0
35,24001735,16,0,1,16.3667,9,1530,2,2,0,1,69,0,0,0,0,32
35,24001835,3,1,1,20.2667,10,1700,1,1,0,1,50,0,0,0,0,84
35,24001835,3,2,1,17.6,9,1530,1,1,0,1,64,0,0,0,0,70
35,24001835,3,3,1,28.4333,13,2210,1,1,0,1,73,0,0,0,0,28
35,24001835,3,4,1,17.5667,9,1530,1,1,0,1,73,0,0,0,0,28
35,24001835,6,1,1,17.5333,9,1530,1,1,0,1,69,0,0,0,0,32
35,24001835,6,2,1,17.6667,9,1530,1,1,0,1,69,0,0,0,0,32
35,24001835,6,3,1,17.6667,9,1530,1,1,0,1,69,0,0,0,0,32
35,24001835,6,4,1,17.5333,9,1530,1,1,0,1,69,0,0,0,0,32
35,24001835,9,1,1,14.0333,8,1360,2,2,0,1,78,0,0,38,0,56
35,24001835,9,2,1,14.1,8,1360,2,2,0,1,78,0,0,46,0,56
35,24001835,9,3,1,14.1,8,1360,2,2,0,1,78,0,0,46,0,56
35,24001835,12,1,1,16.7333,9,1530,2,2,0,1,101,0,0,0,0,0
35,24001835,12,2,1,16.8667,9,1530,2,2,0,1,101,0,0,0,0,0
35,24001835,12,3,1,16.8667,9,1530,2,2,0,1,101,0,0,0,0,0
35,24001835,16,0,1,16.3667,9,1530,2,2,0,1,69,0,0,0,0,32
35,24001935,3,1,1,20.2667,10,1700,1,1,0,1,50,0,0,0,0,84
35,24001935,3,2,1,17.6,9,1530,1,1,0,1,64,0,0,0,0,70
35,24001935,3,3,1,28.4333,13,2210,1,1,0,1,73,0,0,0,0,28
35,24001935,3,4,1,17.5667,9,1530,1,1,0,1,73,0,0,0,0,28
35,24001935,6,1,1,17.5333,9,1530,1,1,0,1,69,0,0,0,0,32
35,24001935,6,2,1,17.6667,9,1530,1,1,0,1,69,0,0,0,0,32
35,24001935,6,3,1,17.6667,9,1530,1,1,0,1,69,0,0,0,0,32
35,24001935,6,4,1,17.5333,9,1530,1,1,0,1,69,0,0,0,0,32
35,24001935,9,1,1,14.0333,8,1360,2,2,0,1,78,0,0,38,0,56
35,24001935,9,2,1,14.1,8,1360,2,2,0,1,78,0,0,46,0,56
35,24001935,9,3,1,14.1,8,1360,2,2,0,1,78,0,0,46,0,56
35,24001935,12,1,1,16.7333,9,1530,2,2,0,1,101,0,0,0,0,0
35,24001935,12,2,1,16.8667,9,1530,2,2,0,1,101,0,0,0,0,0
35,24001935,12,3,1,16.8667,9,1530,2,2,0,1,101,0,0,0,0,0
35,24001935,16,0,1,16.3667,9,1530,2,2,0,1,69,0,0,0,0,32
35,24002035,3,1,1,20.2667,10,1700,1,1,0,1,50,0,0,0,0,84
35,24002035,3,2,1,17.6,9,1530,1,1,0,1,64,0,0,0,0,70
35,24002035,3,3,1,28.4333,13,2210,1,1,0,1,73,0,0,0,0,28
35,24002035,3,4,1,17.5667,9,1530,1,1,0,1,73,0,0,0,0,28
35,24002035,6,1,1,17.5333,9,1530,1,1,0,1,69,0,0,0,0,32
35,24002035,6,2,1,17.6667,9,1530,1,1,0,1,69,0,0,0,0,32
35,24002035,6,3,1,17.6667,9,1530,1,1,0,1,69,0,0,0,0,32
35,24002035,6,4,1,17.5333,9,1530,1,1,0,1,69,0,0,0,0,32
35,24002035,9,1,1,14.0333,8,1360,2,2,0,1,78,0,0,38,0,56
35,24002035,9,2,1,14.1,8,1360,2,2,0,1,78,0,0,46,0,56
35,24002035,9,3,1,14.1,8,1360,2,2,0,1,78,0,0,46,0,56
35,24002035,12,1,1,16.7333,9,1530,2,2,0,1,101,0,0,0,0,0
35,24002035,12,2,1,16.8667,9,1530,2,2,0,1,101,0,0,0,0,0
35,24002035,12,3,1,16.8667,9,1530,2,2,0,1,101,0,0,0,0,0
35,24002035,16,0,1,16.3667,9,1530,2,2,0,1,69,0,0,0,0,32
35,24002135,3,1,1,20.2667,10,1700,1,1,0,1,50,0,0,0,0,84
35,24002135,3,2,1,17.6,9,1530,1,1,0,1,64,0,0,0,0,70
35,24002135,3,3,1,28.4333,13,2210,1,1,0,1,73,0,0,0,0,28
35,24002135,3,4,1,17.5667,9,1530,1,1,0,1,73,0,0,0,0,28
35,24002135,6,1,1,17.5333,9,1530,1,1,0,1,69,0,0,0,0,32
35,24002135,6,2,1,17.6667,9,1530,1,1,0,1,69,0,0,0,0,32
35,24002135,6,3,1,17.6667,9,1530,1,1,0,1,69,0,0,0,0,32
35,24002135,6,4,1,17.5333,9,1530,1,1,0,1,69,0,0,0,0,32
35,24002135,9,1,1,14.0333,8,1360,2,2,0,1,78,0,0,38,0,56
35,24002135,9,2,1,14.1,8,1360,2,2,0,1,78,0,0,46,0,56
35,24002135,9,3,1,14.1,8,1360,2,2,0,1,78,0,0,46,0,56
35,24002135,12,1,1,16.7333,9,1530,2,2,0,1,101,0,0,0,0,0
35,24002135,12,2,1,16.8667,9,1530,2,2,0,1,101,0,0,0,0,0
35,24002135,12,3,1,16.8667,9,1530,2,2,0,1,101,0,0,0,0,0
35,24002135,16,0,1,16.3667,9,1530,2,2,0,1,69,0,0,0,0,32
35,24002235,3,1,1,20.2667,10,1700,1,1,0,1,50,0,0,0,0,84
35,24002235,3,2,1,17.6,9,1530,1,1,0,1,64,0,0,0,0,70
35,24002235,3,3,1,28.4333,13,2210,1,1,0,1,73,0,0,0,0,28
35,24002235,3,4,1,17.5667,9,1530,1,1,0,1,73,0,0,0,0,28
35,24002235,6,1,1,17.5333,9,1530,1,1,0,1,69,0,0,0,0,32
35,24002235,6,2,1,17.6667,9,1530,1,1,0,1,69,0,0,0,0,32
35,24002235,6,3,1,17.6667,9,1530,1,1,0,1,69,0,0,0,0,32
35,24002235,6,4,1,17.5333,9,1530,1,1,0,1,69,0,0,0,0,32
35,24002235,9,1,1,14.0333,8,1360,2,2,0,1,78,0,0,38,0,56
35,24002235,9,2,1,14.1,8,1360,2,2,0,1,78,0,0,46,0,56
35,24002235,9,3,1,14.1,8,1360,2,2,0,1,78,0,0,46,0,56
35,24002235,12,1,1,16.7333,9,1530,2,2,0,1,101,0,0,0,0,0
35,24002235,12,2,1,16.8667,9,1530,2,2,0,1,101,0,0,0,0,0
35,24002235,12,3,1,16.8667,9,1530,2,2,0,1,101,0,0,0,0,0
35,24002235,16,0,1,16.3667,9,1530,2,2,0,1,69,0,0,0,0,32
35,24002335,3,1,1,20.2667,10,1700,1,1,0,1,50,0,0,0,0,84
35,24002335,3,2,1,17.6,9,1530,1,1,0,1,64,0,0,0,0,70
35,24002335,3,3,1,28.4333,13,2210,1,1,0,1,73,0,0,0,0,28
35,24002335,3,4,1,17.5667,9,1530,1,1,0,1,73,0,0,0,0,28
35,24002335,6,1,1,17.5333,9,1530,1,1,0,1,69,0,0,0,0,32
35,24002335,6,2,1,17.6667,9,1530,1,1,0,1,69,0,0,0,0,32
35,24002335,6,3,1,17.6667,9,1530,1,1,0,1,69,0,0,0,0,32
35,24002335,6,4,1,17.5333,9,1530,1,1,0,1,69,0,0,0,0,32
35,24002335,9,1,1,14.0333,8,1360,2,2,0,1,78,0,0,38,0,56
35,24002335,9,2,1,14.1,8,1360,2,2,0,1,78,0,0,46,0,56
35,24002335,9,3,1,14.1,8,1360,2,2,0,1,78,0,0,46,0,56
35,24002335,12,1,1,16.7333,9,1530,2,2,0,1,101,0,0,0,0,0
35,24002335,12,2,1,16.8667,9,1530,2,2,0,1,101,0,0,0,0,0
35,24002335,12,3,1,16.8667,9,1530,2,2,0,1,101,0,0,0,0,0
35,24002335,16,0,1,16.3667,9,1530,2,2,0,1,69,0,0,0,0,32
