case,species,opponent,arena,weather,seed,seat,style,score,ticks,reason,own_hp,enemy_hp,casts,energy_spent,overflow
0,0,17,0,0,1900000000,0,0,0,2266,1,0,14,40,7390,0
0,0,17,0,0,1900000000,1,0,1,954,1,40,0,19,3450,0
1,1,18,1,1,1900000001,0,1,1,1756,1,60,0,33,5480,0
1,1,18,1,1,1900000001,1,1,0,1138,1,0,129,21,3900,0
2,2,19,2,2,1900000002,0,2,1,676,1,32,0,13,2490,0
2,2,19,2,2,1900000002,1,2,1,451,1,32,0,9,1840,0
3,3,20,3,0,1900000003,0,3,0,778,1,0,34,14,2620,0
3,3,20,3,0,1900000003,1,3,0,778,1,0,34,14,2620,0
4,4,21,4,1,1900000004,0,0,0,2361,1,0,8,45,8250,0
4,4,21,4,1,1900000004,1,0,0,1765,1,0,51,32,6120,0
5,5,22,5,2,1900000005,0,1,1,1819,1,65,0,29,4840,0
5,5,22,5,2,1900000005,1,1,1,2125,1,45,0,33,5320,0
6,6,23,0,0,1900000006,0,2,1,750,1,71,0,15,2870,0
6,6,23,0,0,1900000006,1,2,1,908,1,102,0,18,3290,0
7,7,24,1,1,1900000007,0,3,1,1636,1,66,0,36,4940,0
7,7,24,1,1,1900000007,1,3,1,1750,1,41,0,37,5390,0
8,8,25,2,2,1900000008,0,0,1,1675,1,34,0,30,5590,0
8,8,25,2,2,1900000008,1,0,1,941,1,81,0,18,3370,0
9,9,26,3,0,1900000009,0,1,0,2700,3,21,53,44,8590,0
9,9,26,3,0,1900000009,1,1,0,2700,3,21,53,44,8590,0
10,10,27,4,1,1900000010,0,2,1,555,1,98,0,9,1790,0
10,10,27,4,1,1900000010,1,2,1,1050,1,72,0,19,3540,0
11,11,28,5,2,1900000011,0,3,0.5,2700,3,117,111,0,0,0
11,11,28,5,2,1900000011,1,3,0.5,2700,3,117,111,0,0,0
12,12,29,0,0,1900000012,0,0,1,1717,1,70,0,32,5880,0
12,12,29,0,0,1900000012,1,0,1,1910,1,43,0,35,6500,0
13,13,30,1,1,1900000013,0,1,0,593,1,0,29,12,2330,0
13,13,30,1,1,1900000013,1,1,0,770,1,0,57,15,2900,0
14,14,31,2,2,1900000014,0,2,0,2098,1,0,55,40,6560,0
14,14,31,2,2,1900000014,1,2,0,1711,1,0,20,34,5440,0
15,15,32,3,0,1900000015,0,3,0,852,2,15,97,13,2390,0
15,15,32,3,0,1900000015,1,3,0,852,2,15,97,13,2390,0
16,16,33,4,1,1900000016,0,0,0,1033,1,0,67,17,3860,0
16,16,33,4,1,1900000016,1,0,1,1841,1,21,0,30,6540,0
17,17,34,5,2,1900000017,0,1,0.5,2700,3,120,140,0,0,0
17,17,34,5,2,1900000017,1,1,0.5,2700,3,120,140,0,0,0
18,18,35,0,0,1900000018,0,2,1,1939,1,17,0,31,5790,0
18,18,35,0,0,1900000018,1,2,1,1391,1,59,0,22,4430,0
19,19,36,1,1,1900000019,0,3,1,494,1,77,0,11,2040,0
19,19,36,1,1,1900000019,1,3,0,989,1,0,40,19,3560,0
20,20,37,2,2,1900000020,0,0,0,2006,1,0,62,35,6530,0
20,20,37,2,2,1900000020,1,0,0,2071,1,0,55,35,6710,0
21,21,38,3,0,1900000021,0,1,0,884,1,0,89,15,2760,0
21,21,38,3,0,1900000021,1,1,0,884,1,0,89,15,2760,0
22,22,39,4,1,1900000022,0,2,1,2700,3,145,90,40,9180,0
22,22,39,4,1,1900000022,1,2,0,2700,3,145,62,39,9120,0
23,23,0,5,2,1900000023,0,3,0,1287,2,85,113,16,2930,0
23,23,0,5,2,1900000023,1,3,1,1627,1,12,0,28,4420,0
24,24,1,0,0,1900000024,0,0,0,1306,1,0,76,25,4480,0
24,24,1,0,0,1900000024,1,0,0,922,1,0,82,18,3360,0
25,25,2,1,1,1900000025,0,1,0,602,1,0,38,12,2240,0
25,25,2,1,1,1900000025,1,1,0,437,1,0,38,10,1840,0
26,26,3,2,2,1900000026,0,2,1,608,1,97,0,13,2340,0
26,26,3,2,2,1900000026,1,2,1,840,1,96,0,17,3050,0
27,27,4,3,0,1900000027,0,3,0,1420,1,0,29,20,4210,0
27,27,4,3,0,1900000027,1,3,0,1420,1,0,29,20,4210,0
28,28,5,4,1,1900000028,0,0,1,2700,3,35,40,41,9180,0
28,28,5,4,1,1900000028,1,0,0,879,1,0,13,15,3330,0
29,29,6,5,2,1900000029,0,1,0,2640,2,55,60,34,6960,0
29,29,6,5,2,1900000029,1,1,0,2241,2,85,100,32,6520,0
30,30,7,0,0,1900000030,0,2,1,590,1,63,0,15,2130,0
30,30,7,0,0,1900000030,1,2,1,878,1,13,0,19,2790,0
31,31,8,1,1,1900000031,0,3,0,1082,1,0,32,20,3590,0
31,31,8,1,1,1900000031,1,3,0,467,1,0,72,10,1830,0
32,32,9,2,2,1900000032,0,0,0,2700,3,2,146,42,9240,0
32,32,9,2,2,1900000032,1,0,0,2700,3,8,137,42,9290,0
33,33,10,3,0,1900000033,0,1,0,2535,1,0,49,45,7860,0
33,33,10,3,0,1900000033,1,1,0,2535,1,0,49,45,7860,0
34,34,11,4,1,1900000034,0,2,0,2657,1,0,84,47,8540,0
34,34,11,4,1,1900000034,1,2,1,2700,3,34,36,47,8340,0
35,35,12,5,2,1900000035,0,3,0,1499,1,0,97,25,4360,0
35,35,12,5,2,1900000035,1,3,0,986,1,0,39,16,2800,0
36,36,13,0,0,1900000036,0,0,0,472,1,0,62,10,1830,0
36,36,13,0,0,1900000036,1,0,0,469,1,0,74,10,1890,0
37,37,14,1,1,1900000037,0,1,0,2700,3,29,39,45,8980,0
37,37,14,1,1,1900000037,1,1,0,2236,1,0,86,38,7460,0
38,38,15,2,2,1900000038,0,2,1,463,1,80,0,10,1870,0
38,38,15,2,2,1900000038,1,2,1,452,1,56,0,10,1900,0
39,39,16,3,0,1900000039,0,3,0,2537,1,0,31,37,7480,0
39,39,16,3,0,1900000039,1,3,1,2534,1,16,0,39,7600,0
40,0,24,5,2,1900000040,0,1,1,2140,1,56,0,35,6160,0
40,0,24,5,2,1900000040,1,1,0,1634,1,0,14,22,4700,0
41,1,25,0,0,1900000041,0,2,1,1597,1,9,0,31,5250,0
41,1,25,0,0,1900000041,1,2,1,748,1,78,0,18,2600,0
42,2,26,1,1,1900000042,0,3,1,463,1,32,0,10,1940,0
42,2,26,1,1,1900000042,1,3,1,830,1,6,0,16,3110,0
43,3,27,2,2,1900000043,0,0,1,1156,1,69,0,22,4080,0
43,3,27,2,2,1900000043,1,0,0,2073,1,0,49,37,6890,0
44,4,28,3,0,1900000044,0,1,0,540,1,0,24,11,1930,0
44,4,28,3,0,1900000044,1,1,0,540,1,0,24,11,1930,0
45,5,29,4,1,1900000045,0,2,1,1885,1,111,0,31,6200,0
45,5,29,4,1,1900000045,1,2,0,2700,3,40,6,46,8520,0
46,6,30,5,2,1900000046,0,3,1,1954,2,102,59,27,5390,0
46,6,30,5,2,1900000046,1,3,0,2700,3,31,24,42,8460,0
47,7,31,0,0,1900000047,0,0,0,1333,1,0,29,26,4440,0
47,7,31,0,0,1900000047,1,0,0,808,1,0,31,18,2860,0
48,8,32,1,1,1900000048,0,1,0,1229,1,0,85,22,4200,0
48,8,32,1,1,1900000048,1,1,0,619,1,0,76,12,2260,0
49,9,33,2,2,1900000049,0,2,1,2700,3,111,51,46,8920,0
49,9,33,2,2,1900000049,1,2,0,2700,3,138,28,46,8840,0
50,10,34,3,0,1900000050,0,3,1,1431,1,74,0,22,4160,0
50,10,34,3,0,1900000050,1,3,1,1269,1,91,0,19,3630,0
51,11,35,4,1,1900000051,0,0,0,2700,3,103,84,43,8760,0
51,11,35,4,1,1900000051,1,0,0,2700,3,111,78,43,8640,0
52,12,36,5,2,1900000052,0,1,1,965,1,71,0,15,3240,0
52,12,36,5,2,1900000052,1,1,1,596,1,78,0,10,2230,0
53,13,37,0,0,1900000053,0,2,0,587,1,0,81,12,2400,0
53,13,37,0,0,1900000053,1,2,0,587,1,0,57,12,2400,0
54,14,38,1,1,1900000054,0,3,0,963,1,0,33,20,3080,0
54,14,38,1,1,1900000054,1,3,1,1386,1,20,0,29,4280,0
55,15,39,2,2,1900000055,0,0,1,1099,1,10,0,23,3470,0
55,15,39,2,2,1900000055,1,0,1,2621,1,20,0,49,8130,0
56,16,0,3,0,1900000056,0,1,0,1017,1,0,32,16,3710,0
56,16,0,3,0,1900000056,1,1,0,1017,1,0,32,16,3710,0
57,17,1,4,1,1900000057,0,2,1,436,1,12,0,10,1520,0
57,17,1,4,1,1900000057,1,2,0,409,1,0,52,8,1380,0
58,18,2,5,2,1900000058,0,3,0,682,1,0,18,9,1790,0
58,18,2,5,2,1900000058,1,3,1,551,1,39,0,6,1210,0
59,19,3,0,0,1900000059,0,0,1,1888,1,64,0,33,6410,0
59,19,3,0,0,1900000059,1,0,1,1991,1,77,0,35,6700,0
60,20,4,1,1,1900000060,0,1,0,1521,1,0,55,26,5230,0
60,20,4,1,1,1900000060,1,1,1,2594,1,17,0,45,8410,0
61,21,5,2,2,1900000061,0,2,1,2700,3,124,51,48,8300,0
61,21,5,2,2,1900000061,1,2,1,2415,1,96,0,44,7510,0
62,22,6,3,0,1900000062,0,3,0,714,2,153,131,8,1870,0
62,22,6,3,0,1900000062,1,3,0,714,2,153,131,8,1870,0
63,23,7,4,1,1900000063,0,0,1,957,1,72,0,19,3370,0
63,23,7,4,1,1900000063,1,0,0,932,1,0,47,18,3200,0
64,24,8,5,2,1900000064,0,1,0,1890,2,95,53,15,3120,0
64,24,8,5,2,1900000064,1,1,0,943,2,98,53,10,2120,0
65,25,9,0,0,1900000065,0,2,0,1247,1,0,125,22,4260,0
65,25,9,0,0,1900000065,1,2,0,2143,1,0,98,37,7110,0
66,26,10,1,1,1900000066,0,3,0,1130,1,0,59,21,3790,0
66,26,10,1,1,1900000066,1,3,0,1172,1,0,33,22,3860,0
67,27,11,2,2,1900000067,0,0,0,2700,3,98,116,47,8550,0
67,27,11,2,2,1900000067,1,0,1,2675,1,74,0,48,8530,0
68,28,12,3,0,1900000068,0,1,1,532,1,12,0,9,2020,0
68,28,12,3,0,1900000068,1,1,1,435,1,39,0,7,1610,0
69,29,13,4,1,1900000069,0,2,1,851,1,102,0,14,2960,0
69,29,13,4,1,1900000069,1,2,0,742,1,0,9,12,2600,0
70,30,14,5,2,1900000070,0,3,1,1815,2,125,113,33,4490,0
70,30,14,5,2,1900000070,1,3,1,2700,3,16,101,45,6860,0
71,31,15,0,0,1900000071,0,0,1,1289,1,36,0,25,4390,0
71,31,15,0,0,1900000071,1,0,1,1753,1,68,0,33,5760,0
72,32,16,1,1,1900000072,0,1,1,892,1,26,0,16,3460,0
72,32,16,1,1,1900000072,1,1,1,816,1,38,0,15,3190,0
73,33,17,2,2,1900000073,0,2,1,1852,1,62,0,35,5990,0
73,33,17,2,2,1900000073,1,2,0,1912,1,0,17,36,6150,0
74,34,18,3,0,1900000074,0,3,1,961,1,26,0,17,3160,0
74,34,18,3,0,1900000074,1,3,1,961,1,26,0,17,3160,0
75,35,19,4,1,1900000075,0,0,0,1682,1,0,90,30,5320,0
75,35,19,4,1,1900000075,1,0,1,2500,2,39,33,44,7590,0
76,36,20,5,2,1900000076,0,1,0,2105,2,26,60,30,6210,0
76,36,20,5,2,1900000076,1,1,1,1703,2,58,81,25,4930,0
77,37,21,0,0,1900000077,0,2,0,2700,3,24,56,46,8800,0
77,37,21,0,0,1900000077,1,2,1,2048,1,15,0,36,6860,0
78,38,22,1,1,1900000078,0,3,1,810,1,78,0,16,2970,0
78,38,22,1,1,1900000078,1,3,1,495,1,104,0,11,2130,0
79,39,23,2,2,1900000079,0,0,0,2700,3,64,77,44,8880,0
79,39,23,2,2,1900000079,1,0,0,2109,1,0,90,35,7120,0
80,0,31,4,1,1900000080,0,2,1,1582,1,44,0,26,5120,0
80,0,31,4,1,1900000080,1,2,0,1705,1,0,13,30,5740,0
81,1,32,5,2,1900000081,0,3,0,911,2,83,110,9,1650,0
81,1,32,5,2,1900000081,1,3,0,1092,2,132,121,6,1200,0
82,2,33,0,0,1900000082,0,0,0,1539,1,0,89,27,5330,0
82,2,33,0,0,1900000082,1,0,0,1797,1,0,34,32,6090,0
83,3,34,1,1,1900000083,0,1,0,681,1,0,74,14,2570,0
83,3,34,1,1,1900000083,1,1,1,721,1,5,0,15,2790,0
84,4,35,2,2,1900000084,0,2,0,2700,3,35,62,52,9480,0
84,4,35,2,2,1900000084,1,2,0,2598,1,0,55,50,9330,0
85,5,36,3,0,1900000085,0,3,1,754,1,87,0,14,2440,0
85,5,36,3,0,1900000085,1,3,1,754,1,87,0,14,2440,0
86,6,37,4,1,1900000086,0,0,0,2279,1,0,7,39,7500,0
86,6,37,4,1,1900000086,1,0,0,2240,1,0,33,39,7240,0
87,7,38,5,2,1900000087,0,1,0,730,1,0,32,13,2530,0
87,7,38,5,2,1900000087,1,1,0,659,1,0,84,12,2430,0
88,8,39,0,0,1900000088,0,2,1,1111,1,90,0,21,3840,0
88,8,39,0,0,1900000088,1,2,1,2440,1,67,0,44,7710,0
89,9,0,1,1,1900000089,0,3,0,2094,2,130,21,34,6870,0
89,9,0,1,1,1900000089,1,3,0,2700,3,61,59,43,8980,0
90,10,1,2,2,1900000090,0,0,1,916,1,124,0,18,3310,0
90,10,1,2,2,1900000090,1,0,1,870,1,124,0,17,3140,0
91,11,2,3,0,1900000091,0,1,0,1004,2,14,40,14,2920,0
91,11,2,3,0,1900000091,1,1,0,1004,2,14,40,14,2920,0
92,12,3,4,1,1900000092,0,2,1,562,1,82,0,12,2410,0
92,12,3,4,1,1900000092,1,2,1,394,1,82,0,9,1900,0
93,13,4,5,2,1900000093,0,3,0.5,2700,3,104,123,15,4350,0
93,13,4,5,2,1900000093,1,3,0.5,2700,3,104,123,15,4350,0
94,14,5,0,0,1900000094,0,0,1,1939,1,48,0,39,5920,0
94,14,5,0,0,1900000094,1,0,0,1399,1,0,3,29,4400,0
95,15,6,1,1,1900000095,0,1,0,1946,1,0,79,34,6460,0
95,15,6,1,1,1900000095,1,1,0,2020,1,0,69,35,6680,0
96,16,7,2,2,1900000096,0,2,1,1028,1,43,0,19,3840,0
96,16,7,2,2,1900000096,1,2,1,870,1,63,0,16,3380,0
97,17,8,3,0,1900000097,0,3,0,780,1,0,13,12,2120,0
97,17,8,3,0,1900000097,1,3,0.5,856,1,0,0,14,2440,0
98,18,9,4,1,1900000098,0,0,0,1921,1,0,55,29,5760,0
98,18,9,4,1,1900000098,1,0,0,2324,1,0,59,36,6950,0
99,19,10,5,2,1900000099,0,1,0,714,1,0,109,8,1890,0
99,19,10,5,2,1900000099,1,1,0,816,1,0,98,12,2530,0
100,20,11,0,0,1900000100,0,2,1,2700,3,45,113,47,8610,0
100,20,11,0,0,1900000100,1,2,1,2700,3,51,113,46,8530,0
101,21,12,1,1,1900000101,0,3,1,1624,1,97,0,30,5470,0
101,21,12,1,1,1900000101,1,3,1,806,1,76,0,16,2950,0
102,22,13,2,2,1900000102,0,0,0,1711,1,0,52,26,6010,0
102,22,13,2,2,1900000102,1,0,1,2173,1,128,0,33,7970,0
103,23,14,3,0,1900000103,0,1,1,1699,1,65,0,32,4950,0
103,23,14,3,0,1900000103,1,1,1,1699,1,65,0,32,4950,0
104,24,15,4,1,1900000104,0,2,1,565,1,77,0,12,1960,0
104,24,15,4,1,1900000104,1,2,0,2059,2,83,118,32,6680,0
105,25,16,5,2,1900000105,0,3,0,888,2,78,115,11,2050,0
105,25,16,5,2,1900000105,1,3,0,1123,2,78,115,15,2820,0
106,26,17,0,0,1900000106,0,0,0,1064,1,0,57,20,3770,0
106,26,17,0,0,1900000106,1,0,0,1571,1,0,57,29,5250,0
107,27,18,1,1,1900000107,0,1,1,1373,1,41,0,25,4730,0
107,27,18,1,1,1900000107,1,1,1,961,1,3,0,19,3390,0
108,28,19,2,2,1900000108,0,2,1,698,1,77,0,13,2690,0
108,28,19,2,2,1900000108,1,2,1,475,1,34,0,9,1880,0
109,29,20,3,0,1900000109,0,3,0,2198,2,28,29,36,6840,0
109,29,20,3,0,1900000109,1,3,0,2198,2,28,29,36,6840,0
110,30,21,4,1,1900000110,0,0,0,1782,1,0,33,37,5090,0
110,30,21,4,1,1900000110,1,0,0,1880,1,0,11,33,5200,0
111,31,22,5,2,1900000111,0,1,0,2548,2,124,82,32,6890,0
111,31,22,5,2,1900000111,1,1,0,2138,2,45,10,29,6040,0
112,32,23,0,0,1900000112,0,2,1,818,1,49,0,16,3130,0
112,32,23,0,0,1900000112,1,2,1,873,1,49,0,17,3300,0
113,33,24,1,1,1900000113,0,3,1,1052,1,118,0,21,3590,0
113,33,24,1,1,1900000113,1,3,1,2323,1,122,0,43,7330,0
114,34,25,2,2,1900000114,0,0,1,1101,1,44,0,21,3850,0
114,34,25,2,2,1900000114,1,0,1,910,1,40,0,19,3210,0
115,35,26,3,0,1900000115,0,1,0,899,1,0,10,17,3080,0
115,35,26,3,0,1900000115,1,1,0,899,1,0,10,17,3080,0
116,36,27,4,1,1900000116,0,2,0,1802,1,0,85,32,5980,0
116,36,27,4,1,1900000116,1,2,0,1543,1,0,70,27,5190,0
117,37,28,5,2,1900000117,0,3,0,786,1,0,10,11,2310,0
117,37,28,5,2,1900000117,1,3,0,817,1,0,53,11,2210,0
118,38,29,0,0,1900000118,0,0,1,1287,1,57,0,24,4280,0
118,38,29,0,0,1900000118,1,0,1,548,1,30,0,12,2240,0
119,39,30,1,1,1900000119,0,1,0,1607,1,0,101,27,5520,0
119,39,30,1,1,1900000119,1,1,0,368,1,0,89,8,1600,0
120,0,38,3,0,1900000120,0,3,0,1114,1,0,49,19,3620,0
120,0,38,3,0,1900000120,1,3,0,1114,1,0,49,19,3620,0
121,1,39,4,1,1900000121,0,0,0,1740,2,45,72,30,5590,0
121,1,39,4,1,1900000121,1,0,1,1786,2,92,32,33,5610,0
122,2,0,5,2,1900000122,0,1,1,591,1,62,0,6,1310,0
122,2,0,5,2,1900000122,1,1,1,1193,1,21,0,13,2670,0
123,3,1,0,0,1900000123,0,2,0,991,1,0,40,19,3650,0
123,3,1,0,0,1900000123,1,2,0,1663,1,0,6,30,5610,0
124,4,2,1,1,1900000124,0,3,1,622,1,33,0,13,2460,0
124,4,2,1,1,1900000124,1,3,0,301,1,0,78,7,1350,0
125,5,3,2,2,1900000125,0,0,1,2665,1,86,0,46,8600,0
125,5,3,2,2,1900000125,1,0,0,2700,3,68,34,45,8600,0
126,6,4,3,0,1900000126,0,1,0,1912,1,0,12,32,6120,0
126,6,4,3,0,1900000126,1,1,0,1912,1,0,12,32,6120,0
127,7,5,4,1,1900000127,0,2,1,973,1,64,0,21,3390,0
127,7,5,4,1,1900000127,1,2,0,1681,1,0,64,36,5100,0
128,8,6,5,2,1900000128,0,3,0,1005,2,71,86,12,2630,0
128,8,6,5,2,1900000128,1,3,0,1910,2,12,16,24,5150,0
129,9,7,0,0,1900000129,0,0,1,2209,1,71,0,38,7400,0
129,9,7,0,0,1900000129,1,0,1,2137,1,113,0,37,7200,0
130,10,8,1,1,1900000130,0,1,1,1030,1,118,0,20,3660,0
130,10,8,1,1,1900000130,1,1,1,768,1,88,0,15,2830,0
131,11,9,2,2,1900000131,0,2,0,2700,3,39,143,43,8880,0
131,11,9,2,2,1900000131,1,2,0,2700,3,69,149,44,8920,0
132,12,10,3,0,1900000132,0,3,1,1303,1,9,0,23,4620,0
132,12,10,3,0,1900000132,1,3,1,1303,1,9,0,23,4620,0
133,13,11,4,1,1900000133,0,0,1,2700,3,33,85,40,8760,0
133,13,11,4,1,1900000133,1,0,0,2126,1,0,89,34,7380,0
134,14,12,5,2,1900000134,0,1,0,1189,1,0,46,20,3640,0
134,14,12,5,2,1900000134,1,1,0,722,1,0,12,13,2080,0
135,15,13,0,0,1900000135,0,2,0,856,1,0,68,17,3160,0
135,15,13,0,0,1900000135,1,2,0,1483,1,0,20,27,4840,0
136,16,14,1,1,1900000136,0,3,1,1628,1,33,0,26,5940,0
136,16,14,1,1,1900000136,1,3,0,2700,3,39,43,41,9280,0
137,17,15,2,2,1900000137,0,0,1,620,1,70,0,14,2080,0
137,17,15,2,2,1900000137,1,0,1,485,1,88,0,11,1760,0
138,18,16,3,0,1900000138,0,1,1,1757,1,41,0,27,5170,0
138,18,16,3,0,1900000138,1,1,1,680,1,94,0,11,2170,0
139,19,17,4,1,1900000139,0,2,0,2329,1,0,59,40,7820,0
139,19,17,4,1,1900000139,1,2,1,1335,2,132,79,23,4630,0
140,20,18,5,2,1900000140,0,3,0,855,2,64,85,12,2870,0
140,20,18,5,2,1900000140,1,3,0,842,2,78,89,12,2970,0
141,21,19,0,0,1900000141,0,0,1,2399,1,62,0,42,7660,0
141,21,19,0,0,1900000141,1,0,1,2700,3,62,53,46,8560,0
142,22,20,1,1,1900000142,0,1,1,1406,1,133,0,20,5170,0
142,22,20,1,1,1900000142,1,1,0,1408,1,0,42,20,4810,0
143,23,21,2,2,1900000143,0,2,0,1019,1,0,124,19,3790,0
143,23,21,2,2,1900000143,1,2,0,2225,1,0,4,39,7220,0
144,24,22,3,0,1900000144,0,3,0,1192,2,99,129,16,3320,0
144,24,22,3,0,1900000144,1,3,0,2700,3,15,129,41,8160,0
145,25,23,4,1,1900000145,0,0,0,1870,1,0,41,32,6240,0
145,25,23,4,1,1900000145,1,0,0,1786,1,0,40,31,5970,0
146,26,24,5,2,1900000146,0,1,1,1060,1,76,0,18,3250,0
146,26,24,5,2,1900000146,1,1,1,1975,1,57,0,35,5720,0
147,27,25,0,0,1900000147,0,2,1,2201,1,37,0,39,7240,0
147,27,25,0,0,1900000147,1,2,1,1925,1,11,0,34,6460,0
148,28,26,1,1,1900000148,0,3,1,892,1,52,0,15,3400,0
148,28,26,1,1,1900000148,1,3,1,877,1,35,0,15,3330,0
149,29,27,2,2,1900000149,0,0,0,863,1,0,63,15,3160,0
149,29,27,2,2,1900000149,1,0,0,1857,1,0,19,31,6280,0
150,30,28,3,0,1900000150,0,1,0,520,1,0,4,10,1700,0
150,30,28,3,0,1900000150,1,1,1,470,1,31,0,8,1520,0
151,31,29,4,1,1900000151,0,2,1,1720,1,39,0,32,5430,0
151,31,29,4,1,1900000151,1,2,1,1084,1,3,0,22,3540,0
152,32,30,5,2,1900000152,0,3,0,2236,2,11,100,33,7240,0
152,32,30,5,2,1900000152,1,3,0,1687,1,0,91,26,5840,0
153,33,31,0,0,1900000153,0,0,1,1954,1,17,0,36,6330,0
153,33,31,0,0,1900000153,1,0,0,2059,1,0,7,38,6480,0
154,34,32,1,1,1900000154,0,1,0,756,1,0,25,15,2800,0
154,34,32,1,1,1900000154,1,1,0,1028,1,0,17,20,3720,0
155,35,33,2,2,1900000155,0,2,1,2600,1,59,0,45,8570,0
155,35,33,2,2,1900000155,1,2,0,2137,1,0,54,37,7070,0
156,36,34,3,0,1900000156,0,3,0,606,1,0,79,10,2010,0
156,36,34,3,0,1900000156,1,3,0,606,1,0,79,10,2010,0
157,37,35,4,1,1900000157,0,0,0,2700,3,66,42,46,8640,0
157,37,35,4,1,1900000157,1,0,1,2054,1,74,0,35,6820,0
158,38,36,5,2,1900000158,0,1,1,1888,2,41,45,19,3410,0
158,38,36,5,2,1900000158,1,1,1,2036,2,44,17,22,3890,0
159,39,37,0,0,1900000159,0,2,0,849,1,0,132,15,3080,0
159,39,37,0,0,1900000159,1,2,0,1443,1,0,132,25,5080,0
160,0,5,2,2,1900000160,0,0,1,2700,3,35,34,49,8280,0
160,0,5,2,2,1900000160,1,0,1,2700,3,67,29,50,8030,0
161,1,6,3,0,1900000161,0,1,0,2700,3,121,122,1,200,0
161,1,6,3,0,1900000161,1,1,0,2700,3,121,122,1,200,0
162,2,7,4,1,1900000162,0,2,1,479,1,12,0,9,1750,0
162,2,7,4,1,1900000162,1,2,0,1405,1,0,40,24,4770,0
163,3,8,5,2,1900000163,0,3,0,1597,1,0,80,24,4490,0
163,3,8,5,2,1900000163,1,3,0,1555,1,0,34,22,4310,0
164,4,9,0,0,1900000164,0,0,1,1298,1,118,0,26,4640,0
164,4,9,0,0,1900000164,1,0,1,1298,1,118,0,26,4640,0
165,5,10,1,1,1900000165,0,1,0,1858,1,0,94,31,6160,0
165,5,10,1,1,1900000165,1,1,0,1170,1,0,104,19,3840,0
166,6,11,2,2,1900000166,0,2,1,2700,3,113,113,47,8740,0
166,6,11,2,2,1900000166,1,2,0,2700,3,96,117,46,8650,0
167,7,12,3,0,1900000167,0,3,0,460,1,0,19,10,1720,0
167,7,12,3,0,1900000167,1,3,0,460,1,0,19,10,1720,0
168,8,13,4,1,1900000168,0,0,1,675,1,10,0,12,2190,0
168,8,13,4,1,1900000168,1,0,0,1210,1,0,41,19,3780,0
169,9,14,5,2,1900000169,0,1,1,1222,1,145,0,21,3630,0
169,9,14,5,2,1900000169,1,1,1,1099,1,98,0,19,3230,0
170,10,15,0,0,1900000170,0,2,1,1179,1,94,0,22,4040,0
170,10,15,0,0,1900000170,1,2,1,1278,1,118,0,24,4390,0
171,11,16,1,1,1900000171,0,3,0,2700,3,114,9,44,9040,0
171,11,16,1,1,1900000171,1,3,0,2700,3,117,25,42,8960,0
172,12,17,2,2,1900000172,0,0,0,695,1,0,28,15,2800,0
172,12,17,2,2,1900000172,1,0,1,290,1,86,0,7,1540,0
173,13,18,3,0,1900000173,0,1,0,570,1,0,30,10,2130,0
173,13,18,3,0,1900000173,1,1,0,570,1,0,30,10,2130,0
174,14,19,4,1,1900000174,0,2,1,2181,1,60,0,43,6120,0
174,14,19,4,1,1900000174,1,2,1,2278,1,56,0,41,6920,0
175,15,20,5,2,1900000175,0,3,0,1118,2,114,102,10,1980,0
175,15,20,5,2,1900000175,1,3,0,1164,2,106,102,9,1740,0
176,16,21,0,0,1900000176,0,0,1,2026,1,49,0,33,7090,0
176,16,21,0,0,1900000176,1,0,1,1000,1,70,0,18,3820,0
177,17,22,1,1,1900000177,0,1,1,907,1,50,0,18,2980,0
177,17,22,1,1,1900000177,1,1,1,600,1,76,0,12,2100,0
178,18,23,2,2,1900000178,0,2,1,1128,1,81,0,21,3510,0
178,18,23,2,2,1900000178,1,2,1,1119,1,69,0,21,3580,0
179,19,24,3,0,1900000179,0,3,1,2700,3,56,12,44,8120,0
179,19,24,3,0,1900000179,1,3,1,2700,3,56,12,44,8120,0
180,20,25,4,1,1900000180,0,0,0,1279,1,0,33,23,4480,0
180,20,25,4,1,1900000180,1,0,1,1410,1,37,0,24,4870,0
181,21,26,5,2,1900000181,0,1,1,2700,3,98,87,43,7540,0
181,21,26,5,2,1900000181,1,1,0,1498,1,0,90,21,3900,0
182,22,27,0,0,1900000182,0,2,0,1947,1,0,17,25,6280,0
182,22,27,0,0,1900000182,1,2,0,2696,1,0,119,36,8320,0
183,23,28,1,1,1900000183,0,3,0,730,1,0,39,14,2520,0
183,23,28,1,1,1900000183,1,3,0,958,1,0,26,19,3300,0
184,24,29,2,2,1900000184,0,0,0.5,2350,1,0,0,38,8000,0
184,24,29,2,2,1900000184,1,0,0,2700,3,18,16,44,9040,0
185,25,30,3,0,1900000185,0,1,0,1250,1,0,71,20,3770,0
185,25,30,3,0,1900000185,1,1,0,1250,1,0,71,20,3770,0
186,26,31,4,1,1900000186,0,2,0,2191,1,0,17,39,7020,0
186,26,31,4,1,1900000186,1,2,0,2503,1,0,31,43,7920,0
187,27,32,5,2,1900000187,0,3,0,1328,1,0,35,18,3730,0
187,27,32,5,2,1900000187,1,3,0,854,1,0,47,12,2370,0
188,28,33,0,0,1900000188,0,0,1,696,1,59,0,13,2750,0
188,28,33,0,0,1900000188,1,0,1,682,1,40,0,13,2690,0
189,29,34,1,1,1900000189,0,1,0,949,1,0,92,17,3480,0
189,29,34,1,1,1900000189,1,1,0,831,1,0,79,14,3000,0
190,30,35,2,2,1900000190,0,2,1,1820,1,83,0,40,5060,0
190,30,35,2,2,1900000190,1,2,1,1842,1,83,0,46,4860,0
191,31,36,3,0,1900000191,0,3,0,2700,3,120,87,0,0,0
191,31,36,3,0,1900000191,1,3,0,2700,3,120,87,0,0,0
192,32,37,4,1,1900000192,0,0,1,1028,1,26,0,18,3910,0
192,32,37,4,1,1900000192,1,0,0,1321,1,0,56,22,4940,0
193,33,38,5,2,1900000193,0,1,1,1233,1,106,0,13,2550,0
193,33,38,5,2,1900000193,1,1,0,837,1,0,33,12,2260,0
194,34,39,0,0,1900000194,0,2,1,2083,1,58,0,40,6500,0
194,34,39,0,0,1900000194,1,2,1,856,1,7,0,17,2990,0
195,35,0,1,1,1900000195,0,3,0,1182,1,0,41,22,3930,0
195,35,0,1,1,1900000195,1,3,0,615,1,0,57,13,2360,0
196,36,1,2,2,1900000196,0,0,1,1615,1,93,0,28,5650,0
196,36,1,2,2,1900000196,1,0,1,1487,1,24,0,26,5290,0
197,37,2,3,0,1900000197,0,1,1,830,1,37,0,12,2750,0
197,37,2,3,0,1900000197,1,1,1,830,1,37,0,12,2750,0
198,38,3,4,1,1900000198,0,2,1,567,1,104,0,11,2110,0
198,38,3,4,1,1900000198,1,2,1,728,1,30,0,15,2820,0
199,39,4,5,2,1900000199,0,3,0,1080,1,0,108,12,2560,0
199,39,4,5,2,1900000199,1,3,0,1230,1,0,105,12,2520,0
200,0,12,1,1,1900000200,0,1,0,1328,1,0,77,25,4370,0
200,0,12,1,1,1900000200,1,1,0,1426,1,0,58,27,4660,0
201,1,13,2,2,1900000201,0,2,0,1385,1,0,49,25,4550,0
201,1,13,2,2,1900000201,1,2,0,989,1,0,49,19,3350,0
202,2,14,3,0,1900000202,0,3,0,2403,1,0,39,39,7480,0
202,2,14,3,0,1900000202,1,3,0,2403,1,0,39,39,7480,0
203,3,15,4,1,1900000203,0,0,1,1475,1,55,0,27,5070,0
203,3,15,4,1,1900000203,1,0,1,1401,1,30,0,26,4830,0
204,4,16,5,2,1900000204,0,1,1,2520,1,86,0,42,7580,0
204,4,16,5,2,1900000204,1,1,1,1770,1,114,0,31,5560,0
205,5,17,0,0,1900000205,0,2,0,1228,1,0,76,22,4360,0
205,5,17,0,0,1900000205,1,2,0,1228,1,0,76,22,4360,0
206,6,18,1,1,1900000206,0,3,1,1318,1,41,0,24,4670,0
206,6,18,1,1,1900000206,1,3,0,789,1,0,36,16,3020,0
207,7,19,2,2,1900000207,0,0,1,2374,1,23,0,46,7300,0
207,7,19,2,2,1900000207,1,0,0,1837,1,0,42,36,5890,0
208,8,20,3,0,1900000208,0,1,1,1948,1,48,0,33,6210,0
208,8,20,3,0,1900000208,1,1,1,1841,1,74,0,31,5820,0
209,9,21,4,1,1900000209,0,2,0,2598,2,95,92,42,8750,0
209,9,21,4,1,1900000209,1,2,0,2331,2,7,106,38,7790,0
210,10,22,5,2,1900000210,0,3,1,928,2,124,136,11,2380,0
210,10,22,5,2,1900000210,1,3,1,1442,1,124,0,21,4240,0
211,11,23,0,0,1900000211,0,0,0,2700,3,78,91,45,8840,0
211,11,23,0,0,1900000211,1,0,0,1906,1,0,66,33,6480,0
212,12,24,1,1,1900000212,0,1,1,1207,1,50,0,22,4250,0
212,12,24,1,1,1900000212,1,1,1,720,1,52,0,16,2640,0
213,13,25,2,2,1900000213,0,2,1,458,1,38,0,10,2010,0
213,13,25,2,2,1900000213,1,2,0,1172,1,0,7,20,4230,0
214,14,26,3,0,1900000214,0,3,0,1622,1,0,64,27,5080,0
214,14,26,3,0,1900000214,1,3,0,1622,1,0,64,27,5080,0
215,15,27,4,1,1900000215,0,0,0,2700,3,35,65,48,8250,0
215,15,27,4,1,1900000215,1,0,0,1457,1,0,121,27,4990,0
216,16,28,5,2,1900000216,0,1,0,562,1,0,33,8,1870,0
216,16,28,5,2,1900000216,1,1,1,1115,1,46,0,14,3360,0
217,17,29,0,0,1900000217,0,2,1,1615,1,60,0,30,5020,0
217,17,29,0,0,1900000217,1,2,1,1654,1,95,0,29,5340,0
218,18,30,1,1,1900000218,0,3,0,774,1,0,49,14,2850,0
218,18,30,1,1,1900000218,1,3,0,998,1,0,21,17,3400,0
219,19,31,2,2,1900000219,0,0,1,887,1,34,0,17,3260,0
219,19,31,2,2,1900000219,1,0,0,1695,1,0,8,31,5590,0
220,20,32,3,0,1900000220,0,1,0,857,1,0,9,16,3160,0
220,20,32,3,0,1900000220,1,1,0,857,1,0,9,16,3160,0
221,21,33,4,1,1900000221,0,2,0,2060,1,0,86,36,6660,0
221,21,33,4,1,1900000221,1,2,0,1807,1,0,53,33,5990,0
222,22,34,5,2,1900000222,0,3,1,2050,2,100,114,23,5770,0
222,22,34,5,2,1900000222,1,3,0,1768,1,0,42,19,4330,0
223,23,35,0,0,1900000223,0,0,0,1520,1,0,89,28,4880,0
223,23,35,0,0,1900000223,1,0,0,1112,1,0,41,21,3690,0
224,24,36,1,1,1900000224,0,1,0,1336,1,0,30,22,4640,0
224,24,36,1,1,1900000224,1,1,0,1367,1,0,30,23,4840,0
225,25,37,2,2,1900000225,0,2,0,737,1,0,49,14,2700,0
225,25,37,2,2,1900000225,1,2,1,2013,1,30,0,36,6540,0
226,26,38,3,0,1900000226,0,3,0,1119,1,0,24,18,3470,0
226,26,38,3,0,1900000226,1,3,0,1119,1,0,24,18,3470,0
227,27,39,4,1,1900000227,0,0,1,2586,1,49,0,45,8380,0
227,27,39,4,1,1900000227,1,0,1,1669,2,31,47,27,5270,0
228,28,0,5,2,1900000228,0,1,1,1410,1,22,0,16,4000,0
228,28,0,5,2,1900000228,1,1,1,1084,1,31,0,14,3080,0
229,29,1,0,0,1900000229,0,2,0,1984,1,0,82,34,6760,0
229,29,1,0,0,1900000229,1,2,0,2515,1,0,84,43,8360,0
230,30,2,1,1,1900000230,0,3,1,241,1,26,0,6,1020,0
230,30,2,1,1,1900000230,1,3,1,283,1,10,0,8,1440,0
231,31,3,2,2,1900000231,0,0,1,1591,1,72,0,29,5410,0
231,31,3,2,2,1900000231,1,0,0,1544,1,0,66,28,5290,0
232,32,4,3,0,1900000232,0,1,1,1340,1,47,0,22,4880,0
232,32,4,3,0,1900000232,1,1,1,1340,1,47,0,22,4880,0
233,33,5,4,1,1900000233,0,2,1,2209,1,67,0,42,6930,0
233,33,5,4,1,1900000233,1,2,1,2302,2,67,75,42,7270,0
234,34,6,5,2,1900000234,0,3,0,1114,2,24,62,17,3250,0
234,34,6,5,2,1900000234,1,3,0,1137,2,12,62,19,3610,0
235,35,7,0,0,1900000235,0,0,0,1564,1,0,14,29,5290,0
235,35,7,0,0,1900000235,1,0,1,1543,1,21,0,29,5120,0
236,36,8,1,1,1900000236,0,1,0,554,1,0,34,12,2260,0
236,36,8,1,1,1900000236,1,1,1,656,1,30,0,13,2660,0
237,37,9,2,2,1900000237,0,2,0,2700,3,150,149,48,8320,0
237,37,9,2,2,1900000237,1,2,1,2700,3,118,149,48,8390,0
238,38,10,3,0,1900000238,0,3,0,667,1,0,124,7,1340,0
238,38,10,3,0,1900000238,1,3,0,667,1,0,124,7,1340,0
239,39,11,4,1,1900000239,0,0,0,1999,1,0,51,34,6600,0
239,39,11,4,1,1900000239,1,0,0,2644,1,0,90,44,8760,0
