species,personality,decisions,changed_from_steady,approach_request,cast_requests,selectable_decisions,requested_cost,slot_1,slot_2,slot_3,slot_4,slot_5,model_checksum
0,STEADY,600,0,0.580055,122,268,19580,27,91,0,1,3,4a424577
0,AGGRESSIVE,600,600,0.581706,107,268,17010,26,77,0,0,4,4a424577
0,SKITTISH,600,600,0.565641,131,268,21360,20,108,0,0,3,4a424577
0,PATIENT,600,600,0.533993,63,268,10740,0,62,0,0,1,4a424577
0,TERRITORIAL,600,600,0.59693,174,268,28020,35,135,0,1,3,4a424577
1,STEADY,600,0,0.687311,73,337,13200,1,44,0,22,6,4a424577
1,AGGRESSIVE,600,600,0.72987,45,337,8430,0,19,0,20,6,4a424577
1,SKITTISH,600,600,0.634229,81,337,14380,4,50,0,20,7,4a424577
1,PATIENT,600,600,0.682942,10,337,1940,0,2,0,5,3,4a424577
1,TERRITORIAL,600,600,0.666417,67,337,12530,0,29,0,31,7,4a424577
2,STEADY,346,0,0.493832,57,61,11090,17,33,0,0,7,4a424577
2,AGGRESSIVE,346,346,0.616653,57,61,11150,17,31,0,0,9,4a424577
2,SKITTISH,346,346,0.396491,55,61,10690,17,33,0,0,5,4a424577
2,PATIENT,346,346,0.486832,40,61,8170,17,17,0,0,6,4a424577
2,TERRITORIAL,346,346,0.834779,53,61,10500,17,26,0,0,10,4a424577
3,STEADY,600,0,0.699436,105,230,18080,100,2,0,1,2,4a424577
3,AGGRESSIVE,600,600,0.71933,130,230,22260,126,1,0,1,2,4a424577
3,SKITTISH,600,600,0.682626,91,230,15700,86,2,0,1,2,4a424577
3,PATIENT,600,600,0.681984,69,230,11830,67,1,0,1,0,4a424577
3,TERRITORIAL,600,600,0.742482,200,230,34160,196,1,0,1,2,4a424577
4,STEADY,600,0,0.667698,115,297,19410,15,82,1,0,17,4a424577
4,AGGRESSIVE,600,600,0.709821,95,297,16130,10,69,0,0,16,4a424577
4,SKITTISH,600,600,0.62662,119,297,20420,9,91,1,0,18,4a424577
4,PATIENT,600,600,0.663948,53,297,9110,4,39,0,0,10,4a424577
4,TERRITORIAL,600,600,0.659878,108,297,18590,10,76,1,2,19,4a424577
5,STEADY,600,0,0.654798,202,420,42800,12,75,9,88,18,4a424577
5,AGGRESSIVE,600,600,0.631778,199,420,41720,12,39,33,94,21,4a424577
5,SKITTISH,600,600,0.670096,198,420,42240,9,78,6,88,17,4a424577
5,PATIENT,600,600,0.581204,180,420,38200,4,22,41,100,13,4a424577
5,TERRITORIAL,600,600,0.65882,255,420,53000,6,30,32,142,45,4a424577
6,STEADY,600,0,0.539137,197,234,34690,177,1,8,0,11,4a424577
6,AGGRESSIVE,600,600,0.619259,186,234,32760,168,1,8,0,9,4a424577
6,SKITTISH,600,600,0.448439,205,234,36210,181,2,8,0,14,4a424577
6,PATIENT,600,600,0.552767,185,234,31900,177,0,3,0,5,4a424577
6,TERRITORIAL,600,600,0.686957,194,234,34390,172,3,9,0,10,4a424577
7,STEADY,600,0,0.83655,85,117,11940,55,25,0,1,4,4a424577
7,AGGRESSIVE,600,600,0.858973,87,117,12590,52,26,1,1,7,4a424577
7,SKITTISH,600,600,0.809655,82,117,11340,55,25,0,1,1,4a424577
7,PATIENT,600,600,0.821213,37,117,5860,11,25,0,1,0,4a424577
7,TERRITORIAL,600,600,0.877146,101,117,15100,57,28,3,2,11,4a424577
8,STEADY,378,0,0.586414,119,174,23620,78,8,1,32,0,4a424577
8,AGGRESSIVE,378,378,0.617205,100,174,19780,68,6,0,26,0,4a424577
8,SKITTISH,378,378,0.549688,120,174,24040,73,13,1,33,0,4a424577
8,PATIENT,378,378,0.647138,69,174,12090,64,2,0,3,0,4a424577
8,TERRITORIAL,378,378,0.740808,118,174,24310,65,15,0,38,0,4a424577
9,STEADY,600,0,0.621468,74,308,15470,38,12,1,1,22,4a424577
9,AGGRESSIVE,600,600,0.677439,69,308,14750,37,8,1,1,22,4a424577
9,SKITTISH,600,600,0.596835,78,308,15840,39,17,0,1,21,4a424577
9,PATIENT,600,600,0.632363,34,308,7240,15,2,0,0,17,4a424577
9,TERRITORIAL,600,600,0.659681,81,308,17670,48,7,1,1,24,4a424577
10,STEADY,437,0,0.833077,160,188,27720,138,21,1,0,0,4a424577
10,AGGRESSIVE,437,437,0.879032,163,188,28290,138,24,1,0,0,4a424577
10,SKITTISH,437,437,0.767221,155,188,26790,133,22,0,0,0,4a424577
10,PATIENT,437,437,0.801722,147,188,25330,130,17,0,0,0,4a424577
10,TERRITORIAL,437,437,0.786076,160,188,27560,142,18,0,0,0,4a424577
11,STEADY,600,0,0.635712,263,429,57160,26,166,0,66,5,4a424577
11,AGGRESSIVE,600,600,0.652205,265,429,57760,24,167,0,69,5,4a424577
11,SKITTISH,600,600,0.626236,254,429,55880,22,167,4,56,5,4a424577
11,PATIENT,600,600,0.614957,219,429,50080,4,165,0,48,2,4a424577
11,TERRITORIAL,600,600,0.630494,290,429,64480,5,172,0,105,8,4a424577
12,STEADY,600,0,0.298304,154,270,30540,23,11,81,35,4,4a424577
12,AGGRESSIVE,600,600,0.42045,139,270,28420,11,12,82,31,3,4a424577
12,SKITTISH,600,600,0.15388,161,270,31890,24,8,83,43,3,4a424577
12,PATIENT,600,600,0.208246,70,270,14620,9,10,32,19,0,4a424577
12,TERRITORIAL,600,600,0.609872,153,270,31330,11,15,94,30,3,4a424577
13,STEADY,287,0,0.478664,48,51,8660,37,0,2,1,8,4a424577
13,AGGRESSIVE,287,287,0.580294,48,51,8720,35,0,2,1,10,4a424577
13,SKITTISH,287,287,0.395036,46,51,8030,39,0,0,0,7,4a424577
13,PATIENT,287,287,0.574608,40,51,6960,36,0,1,0,3,4a424577
13,TERRITORIAL,287,287,0.577513,49,51,8870,38,0,3,1,7,4a424577
14,STEADY,600,0,0.829587,105,280,13480,9,85,0,3,8,4a424577
14,AGGRESSIVE,600,600,0.857129,99,280,12840,7,80,0,2,10,4a424577
14,SKITTISH,600,600,0.798869,100,280,12720,9,82,0,2,7,4a424577
14,PATIENT,600,600,0.81729,9,280,1640,0,2,0,1,6,4a424577
14,TERRITORIAL,600,600,0.881592,95,280,13720,3,67,8,6,11,4a424577
15,STEADY,600,0,0.383344,184,403,33290,0,117,0,37,30,4a424577
15,AGGRESSIVE,600,600,0.366823,206,403,37480,0,124,0,46,36,4a424577
15,SKITTISH,600,600,0.406054,168,403,30270,0,111,0,32,25,4a424577
15,PATIENT,600,600,0.373962,139,403,24890,0,97,0,24,18,4a424577
15,TERRITORIAL,600,600,0.339199,238,403,42830,0,159,0,51,28,4a424577
16,STEADY,560,0,0.654778,133,136,25480,84,35,0,0,14,4a424577
16,AGGRESSIVE,560,560,0.659803,134,136,25650,85,35,0,0,14,4a424577
16,SKITTISH,560,560,0.661105,130,136,25120,80,36,2,0,12,4a424577
16,PATIENT,560,560,0.717344,117,136,22790,71,37,1,0,8,4a424577
16,TERRITORIAL,560,560,0.644184,134,136,25790,83,37,0,0,14,4a424577
17,STEADY,600,0,0.661134,21,382,4140,3,5,4,5,4,4a424577
17,AGGRESSIVE,600,600,0.631542,16,382,3120,3,5,0,4,4,4a424577
17,SKITTISH,600,600,0.670457,24,382,4800,3,4,1,10,6,4a424577
17,PATIENT,600,600,0.626346,10,382,2300,0,6,0,3,1,4a424577
17,TERRITORIAL,600,600,0.631566,22,382,4780,0,7,5,5,5,4a424577
18,STEADY,600,0,0.586403,105,216,19440,48,36,0,0,21,4a424577
18,AGGRESSIVE,600,600,0.687386,105,216,19770,44,37,0,0,24,4a424577
18,SKITTISH,600,600,0.461112,103,216,18500,55,35,0,0,13,4a424577
18,PATIENT,600,600,0.597513,69,216,12940,33,29,0,0,7,4a424577
18,TERRITORIAL,600,600,0.746675,99,216,18730,41,36,0,1,21,4a424577
19,STEADY,600,0,0.572095,127,248,23140,82,5,0,27,13,4a424577
19,AGGRESSIVE,600,600,0.722807,93,248,17390,47,5,0,30,11,4a424577
19,SKITTISH,600,600,0.411249,147,248,26500,106,7,0,14,20,4a424577
19,PATIENT,600,600,0.453225,35,248,6250,25,0,0,5,5,4a424577
19,TERRITORIAL,600,600,0.786754,83,248,15610,41,6,0,30,6,4a424577
20,STEADY,600,0,-0.207802,126,254,26060,74,21,5,13,13,4a424577
20,AGGRESSIVE,600,600,-0.0306893,116,254,26570,48,37,0,15,16,4a424577
20,SKITTISH,600,600,-0.32657,117,254,22470,84,9,6,12,6,4a424577
20,PATIENT,600,600,-0.251148,63,254,13110,46,14,1,1,1,4a424577
20,TERRITORIAL,600,600,0.478049,89,254,22180,19,37,2,18,13,4a424577
21,STEADY,577,0,0.737006,160,329,27360,128,12,4,0,16,4a424577
21,AGGRESSIVE,577,577,0.793753,137,329,23380,110,11,4,0,12,4a424577
21,SKITTISH,577,577,0.676209,165,329,28180,134,12,4,0,15,4a424577
21,PATIENT,577,577,0.743173,84,329,14460,78,0,0,0,6,4a424577
21,TERRITORIAL,577,577,0.761827,143,329,25790,111,1,15,0,16,4a424577
22,STEADY,600,0,0.680983,124,220,33190,0,91,18,5,10,4a424577
22,AGGRESSIVE,600,600,0.677514,119,220,32420,0,94,11,4,10,4a424577
22,SKITTISH,600,600,0.659865,118,220,31490,0,85,18,6,9,4a424577
22,PATIENT,600,600,0.73815,70,220,19400,0,60,1,0,9,4a424577
22,TERRITORIAL,600,600,0.570051,122,220,33110,0,95,12,4,11,4a424577
23,STEADY,600,0,0.875332,209,407,36250,0,197,9,0,3,4a424577
23,AGGRESSIVE,600,600,0.870544,205,407,35260,0,198,5,0,2,4a424577
23,SKITTISH,600,600,0.875621,198,407,34510,0,183,10,0,5,4a424577
23,PATIENT,600,600,0.853898,168,407,28840,0,164,4,0,0,4a424577
23,TERRITORIAL,600,600,0.819947,234,407,40460,0,218,5,0,11,4a424577
24,STEADY,600,0,0.524627,100,275,20400,24,53,5,3,15,4a424577
24,AGGRESSIVE,600,600,0.584309,90,275,18400,20,45,5,4,16,4a424577
24,SKITTISH,600,600,0.465581,77,275,15560,21,40,6,1,9,4a424577
24,PATIENT,600,600,0.526539,20,275,4320,3,13,1,1,2,4a424577
24,TERRITORIAL,600,600,0.676027,121,275,26360,11,70,6,17,17,4a424577
25,STEADY,348,0,0.729138,49,142,8670,4,27,5,0,13,4a424577
25,AGGRESSIVE,348,348,0.793433,42,142,7680,0,24,5,0,13,4a424577
25,SKITTISH,348,348,0.67141,49,142,8510,6,27,5,0,11,4a424577
25,PATIENT,348,348,0.706116,12,142,2280,0,4,3,0,5,4a424577
25,TERRITORIAL,348,348,0.784927,41,142,7390,0,27,5,0,9,4a424577
26,STEADY,584,0,0.266983,92,204,15480,17,56,3,0,16,4a424577
26,AGGRESSIVE,584,584,0.329136,80,204,13440,17,44,3,0,16,4a424577
26,SKITTISH,584,584,0.222271,85,204,14200,16,52,1,0,16,4a424577
26,PATIENT,584,584,0.239422,51,204,8810,7,29,1,0,14,4a424577
26,TERRITORIAL,584,584,0.629439,74,204,12370,18,37,3,0,16,4a424577
27,STEADY,600,0,0.625704,153,295,27520,116,10,0,0,27,4a424577
27,AGGRESSIVE,600,600,0.726783,169,295,30360,128,10,0,0,31,4a424577
27,SKITTISH,600,600,0.528163,138,295,24540,106,3,0,0,29,4a424577
27,PATIENT,600,600,0.598857,100,295,17700,78,1,0,0,21,4a424577
27,TERRITORIAL,600,600,0.81162,200,295,35690,153,7,0,0,40,4a424577
28,STEADY,600,0,0.233856,190,211,39240,73,78,0,33,6,4a424577
28,AGGRESSIVE,600,600,0.340904,191,211,39490,72,77,0,36,6,4a424577
28,SKITTISH,600,600,0.143462,189,211,38360,70,90,0,23,6,4a424577
28,PATIENT,600,600,0.361348,177,211,35490,74,97,0,2,4,4a424577
28,TERRITORIAL,600,600,0.614793,193,211,40170,74,73,0,40,6,4a424577
29,STEADY,597,0,0.658872,266,426,60640,0,45,186,0,35,4a424577
29,AGGRESSIVE,597,597,0.665942,266,426,60680,0,48,187,0,31,4a424577
29,SKITTISH,597,597,0.635387,260,426,59440,0,39,186,0,35,4a424577
29,PATIENT,597,597,0.6233,231,426,53600,0,24,185,0,22,4a424577
29,TERRITORIAL,597,597,0.559912,274,426,62080,0,61,182,0,31,4a424577
30,STEADY,482,0,0.547015,137,165,15070,121,8,0,2,6,4a424577
30,AGGRESSIVE,482,482,0.603651,132,165,14620,116,8,0,2,6,4a424577
30,SKITTISH,482,482,0.469113,141,165,15480,126,9,0,1,5,4a424577
30,PATIENT,482,482,0.507121,125,165,13980,112,10,0,0,3,4a424577
30,TERRITORIAL,482,482,0.702664,130,165,14440,114,8,0,2,6,4a424577
31,STEADY,537,0,0.682562,126,240,20110,31,87,0,0,8,4a424577
31,AGGRESSIVE,537,537,0.7241,117,240,18750,27,83,0,0,7,4a424577
31,SKITTISH,537,537,0.633561,126,240,19990,34,83,0,0,9,4a424577
31,PATIENT,537,537,0.680864,41,240,7010,1,37,0,0,3,4a424577
31,TERRITORIAL,537,537,0.786535,126,240,20600,26,88,0,3,9,4a424577
32,STEADY,600,0,-0.226094,140,162,24520,123,0,3,1,13,4a424577
32,AGGRESSIVE,600,600,-0.0753674,133,162,23330,116,0,3,1,13,4a424577
32,SKITTISH,600,600,-0.353931,133,162,23260,117,0,2,1,13,4a424577
32,PATIENT,600,600,-0.318674,112,162,19610,100,0,3,1,8,4a424577
32,TERRITORIAL,600,600,0.362974,146,162,25550,129,0,1,2,14,4a424577
33,STEADY,588,0,0.700638,118,255,19910,87,4,16,1,10,4a424577
33,AGGRESSIVE,588,588,0.68879,132,255,22230,103,3,15,0,11,4a424577
33,SKITTISH,588,588,0.716389,103,255,17410,77,3,13,1,9,4a424577
33,PATIENT,588,588,0.704634,76,255,13160,68,4,2,0,2,4a424577
33,TERRITORIAL,588,588,0.717689,157,255,26580,130,3,13,0,11,4a424577
34,STEADY,600,0,0.741541,202,294,35640,2,172,0,14,14,4a424577
34,AGGRESSIVE,600,600,0.700537,184,294,32280,1,160,0,9,14,4a424577
34,SKITTISH,600,600,0.777476,199,294,34990,2,171,0,12,14,4a424577
34,PATIENT,600,600,0.794252,121,294,20760,0,116,0,1,4,4a424577
34,TERRITORIAL,600,600,0.744573,196,294,34320,1,172,0,9,14,4a424577
35,STEADY,600,0,0.660913,322,355,55570,199,37,5,69,12,4a424577
35,AGGRESSIVE,600,600,0.723813,319,355,54780,212,35,7,57,8,4a424577
35,SKITTISH,600,600,0.599385,316,355,54640,190,37,5,71,13,4a424577
35,PATIENT,600,600,0.669858,313,355,54270,217,26,13,53,4,4a424577
35,TERRITORIAL,600,600,0.817851,327,355,58080,180,27,12,100,8,4a424577
36,STEADY,400,0,0.818622,137,188,25650,23,89,0,1,24,4a424577
36,AGGRESSIVE,400,400,0.859014,139,188,26410,26,81,0,1,31,4a424577
36,SKITTISH,400,400,0.750663,133,188,24520,17,92,0,1,23,4a424577
36,PATIENT,400,400,0.77906,80,188,14560,12,64,0,0,4,4a424577
36,TERRITORIAL,400,400,0.856342,144,188,27340,25,82,0,4,33,4a424577
37,STEADY,600,0,-0.101574,226,262,42240,168,0,50,2,6,4a424577
37,AGGRESSIVE,600,600,-0.0537765,223,262,41720,166,2,49,0,6,4a424577
37,SKITTISH,600,600,-0.144302,228,262,42590,171,0,51,2,4,4a424577
37,PATIENT,600,600,-0.0844337,208,262,38070,169,2,35,0,2,4a424577
37,TERRITORIAL,600,600,0.283289,239,262,45110,173,2,59,0,5,4a424577
38,STEADY,351,0,0.304469,97,97,17140,66,19,1,3,8,4a424577
38,AGGRESSIVE,351,351,0.442623,96,97,16920,67,18,0,3,8,4a424577
38,SKITTISH,351,351,0.181547,97,97,17270,63,19,3,3,9,4a424577
38,PATIENT,351,351,0.308796,93,97,16350,71,13,0,3,6,4a424577
38,TERRITORIAL,351,351,0.72056,97,97,17060,68,19,0,3,7,4a424577
39,STEADY,600,0,0.744689,118,351,26760,0,19,0,79,20,4a424577
39,AGGRESSIVE,600,600,0.764826,117,351,26560,0,18,0,79,20,4a424577
39,SKITTISH,600,600,0.723466,106,351,24280,0,12,0,77,17,4a424577
39,PATIENT,600,600,0.728905,43,351,9760,0,7,0,29,7,4a424577
39,TERRITORIAL,600,600,0.775549,122,351,27560,0,20,0,79,23,4a424577
